Open time,Open,Close,High,Low,Volume,Amount,Cluster
43090,16000000003,16000000003,16000000003,16000000003,7796581.0,124745296023,1
43090,16666000009,16666000009,16666000009,16666000009,1014.0,1689932401,1
43090,16666000009,172000,172000,16666000009,620728.0,10382646453,1
43090,16666000009,16666000009,16666000009,16666000009,806026.0,13433229323,1
43090,172000,172000,172000,172000,9149629.0,1573736188,0
43090,16666000009,167000,167000,16666000009,503048.0,8384037332,1
43090,172000,172000,172000,172000,7240998.0,1245451656,0
43090,172000,172000,172000,172000,3.0,5160,0
43090,169010,169010,169010,169010,1924702.0,32529388502,0
43090,169010,169010,169010,169010,48003.0,811298703,0
43090,169010,169010,169010,169010,346609.0,5858038709,0
43090,167500,167500,167500,167500,93683.0,156919025,0
43090,16675000001,16675000001,16675000001,16675000001,3933915.0,65598032629,1
43090,16675000001,166760,166760,16650000001,3449836.0,57469419881,1
43090,17178999998,17178999998,17178999998,17178999998,863999.0,14842638819,1
43090,15901000006,15901000006,15901000006,15901000006,3233212.0,51411304031,1
43090,15901000006,15901000006,15901000006,15901000006,332.0,5279132002,1
43090,15901000006,15901000006,15901000006,15901000006,1329039.0,21133049147,1
43090,15901000006,16000000001,16000000001,15901000006,11342895.0,181468644153,1
43090,16000000001,16000000001,16000000001,16000000001,11353928.0,181662848011,1
43090,16000000001,16000000001,16000000001,16000000001,3012101.0,48193616002,1
43090,16000000001,16000000001,16000000001,16000000001,417.0,66720000004,1
43090,16000000001,16000000001,16000000001,160000,295952.0,47352320003,1
43090,160000,160000,160000,160000,88208.0,1411328,0
43090,160000,160000,160000,160000,5834806.0,93356896,0
43090,160000,16000000001,16000000001,160000,3090599.0,49449584,1
43090,16000000001,16000000001,16000000001,16000000001,631425.0,10102800001,1
43090,15901000002,15901000002,160000,15901000002,6703356.0,106590545505,1
43090,15901000002,15901000002,15901000002,15901000002,977174.0,15538043776,1
43090,15901000002,15901000002,15901000002,15901000002,2049533.0,32589624238,1
43090,16000000001,16000000001,16000000001,16000000001,2902978.0,46447648003,1
43090,16000000001,16000000001,16000000001,16000000001,3035065.0,48561040004,1
43090,16000000001,16000000001,16000000001,16000000001,487424.0,7798784,1
43090,165000,165000,165000,165000,148612.0,2452098,0
43090,16500000001,16500000001,16500000001,16500000001,291997.0,48179505,1
43090,16500000001,16500000001,16500000001,16500000001,490908.0,8099982,1
43090,16500000001,16500000001,16500000001,16500000001,80908.0,1334982,1
43090,16500000001,16500000001,16500000001,16500000001,278482.0,45949530004,1
43090,16500000001,172000,172000,16500000001,875504.0,14495096001,1
43090,16500000001,16500000001,16500000001,16500000001,834461.0,13768606501,1
43090,165000,16500000001,16500000001,165000,31777564.0,524329806023,2
43090,172000,172000,172000,172000,84432.0,14522304,0
43090,15901000002,15901000002,15901000002,15901000002,1.0,15901,1
43090,16000000001,16000000001,16000000001,16000000001,453051.0,7248816,1
43090,160010,16001000001,16001000001,160010,835974.0,13376419974,1
43090,16949999999,16949999999,16949999999,16949999999,4650832.0,78831602395,1
43090,16001000001,16001000001,16001000001,16001000001,1.0,16001000001,1
43090,168900,168900,168900,168900,58295.0,98460255,0
43090,16889999999,16889999999,16889999999,16889999999,582186.0,98331215395,1
43090,16889999999,16889999999,16889999999,16889999999,2.0,33779999998,1
43090,16949999998,16949999998,16949999998,16949999998,471501.0,7991941949,1
43090,16887999992,16887999992,16887999992,16887999992,174543.0,2947682183,1
43090,16777777774,16777777774,16777777774,16777777774,336221.0,5641041221,1
43090,16777777772,16777777772,16777777772,16777777772,17732548.0,297512749675,1
43090,16888999997,16888999997,16888999997,16888999997,9017703.0,15229998594,1
43090,167770,168890,168890,167770,26637065.0,44986513991,0
43090,168890,168890,168890,168890,31858.0,538049762,0
43090,168890,168890,168890,168890,645.0,10893405,0
43090,15406984594,15406984594,15406984594,15406984594,704.0,1084651715,1
43090,16949999993,16949999993,16949999993,16949999993,1119825.0,18981033742,1
43090,16949999993,16949999993,16949999993,16949999993,1095117.0,18562233142,1
43090,15407984593,15407984593,15407984593,15407984593,297716.0,4587203541,1
43090,16948999993,16948999993,16948999993,16948999993,676892.0,114726425032,1
43090,16948999991,16948999989,16948999991,16948999989,85119.0,1442681931,1
43090,16948999979,16948999979,16948999979,16948999979,251203.0,4257639642,1
43090,154090,154090,154090,154090,271935.0,4190246415,0
43090,16948999975,16948999975,16948999975,16948999975,5.0,84744999875,1
43090,16178999985,16178999985,16178999985,16178999985,2651835.0,42904038425,1
43090,16179499984,16179499984,16179499984,16179499984,2455804.0,39733680779,1
43090,16179499983,16179499983,16179499983,16179499983,2354513.0,38094843043,1
43090,167820,163450,167820,161760,11126369.0,183022164105,0
43090,16175999998,16175999998,16175999998,16175999998,609697.0,9862458671,1
43090,160860,160860,160860,160860,18393.0,295869798,0
43090,16085999999,16085999999,16085999999,16085999999,21.0,33780599998,1
43090,16781999998,16781999998,16781999998,16781999998,609757.0,10232941973,1
43090,16780999993,16780999993,16780999993,16780999993,29795.0,499989895,1
43090,16086000001,16086000001,16086000001,16086000001,3475094.0,55900362087,1
43090,16781999998,16781999998,16781999998,16781999998,498.0,8357435999,1
43090,167820,167820,167820,167820,5477425.0,9192214635,0
43090,167820,167820,167820,167820,13877895.0,23289883389,0
43090,167820,167820,167820,167820,9325694.0,156503796708,0
43090,16467169392,16949999999,16949999999,16467169392,4712613.0,79844735819,1
43090,16949999999,16949999999,16949999999,16949999999,144.0,244079999985,1
43090,16949999999,16949999999,17007984593,16949999999,8357404.0,141658576419,1
43090,16949999999,16949999999,16949999999,16949999999,1298493.0,22009456349,1
43091,16933049998,16933049998,16933049998,16933049998,225.0,38099362496,1
43091,16933049998,16933049998,16933049998,16933049998,1.0,16933049998,1
43091,16933049998,16933049998,16933049998,16933049998,2784839.0,47155818024,1
43091,16933049998,16933049998,16933049998,16933049998,1950462.0,33027270566,1
43091,16933049998,16933049998,16933049998,16933049998,225.0,38099362496,1
43091,16933049999,17007984593,17007984593,16933049999,489372.0,8304420305,1
43091,172000,172000,172000,172000,621981.0,106980732,0
43091,165000,16500000001,16500000001,165000,1245452.0,20549958,1
43091,16500000002,16500000002,16500000002,16500000002,401089.0,6617968501,1
43091,170000,170000,170000,170000,11084725.0,188440325,0
43091,170000,170000,170000,170000,16481358.0,280183086,0
43091,170000,170000,170000,170000,6468201.0,109959417,0
43091,170000,170000,170000,170000,294206.0,5001502,0
43091,170000,16999999987,170000,16999999987,1512727.0,2571635898,1
43091,16999999987,16999999987,16999999987,16999999987,4640951.0,78896166939,1
43091,161000,161000,161000,161000,704.0,113344,0
43091,15406984605,15406984605,15406984605,15406984605,2340057.0,36053222174,1
43091,15406984605,15406984605,15406984605,15406984605,5929071.0,91349105619,1
43091,15406984605,15406984605,15406984605,15406984605,516565.0,7958709002,1
43091,15406984593,15220000001,15406984605,15220000001,18497232.0,284064574459,1
43091,16999999987,16999999987,16999999987,16999999987,1056.0,1795199999,1
43091,156550,156550,156550,156550,218728.0,342418684,0
43091,156550,156550,156550,156550,517923.0,8108084565,0
43091,156550,155550,156550,155550,1544422.0,2414949868,0
43091,155550,155550,155550,155550,28688.0,44624184,0
43091,155550,155550,155550,155550,226701.0,3526334055,0
43091,155550,155550,155550,155550,32406065.0,504076341075,2
43091,155550,155550,155550,155550,15187845.0,236246928975,0
43091,155550,155550,155550,155550,5313833.0,82656672315,0
43091,155550,15255372322,155550,15255372322,1685083.0,25806878811,1
43091,15255372322,15255372322,15255372322,15255372322,230457.0,3515707339,1
43091,15255372322,15255372322,15255372322,15255372322,230392.0,351471574,1
43091,152200,152000,152200,152000,2418449.0,3680064816,0
43091,15553999989,15553999989,15553999989,15553999989,15463546.0,240519994314,1
43091,15553999983,15553999983,15553999983,15553999983,443855.0,6903720662,1
43091,15000000001,15000000001,15000000001,15000000001,4578203.0,68673045005,1
43091,15000000002,15000000002,15000000002,15000000002,955601.0,14334015002,1
43091,15000000002,15000000002,15000000002,15000000002,27732399.0,415985985055,1
43091,15000000001,15000000001,15015015018,15000000001,43730585.0,656416220568,2
43091,15000000001,150000,15000000001,150000,3563781.0,53456715001,0
43091,150000,15000000001,15000000001,150000,2727242.0,40908630002,0
43091,15000000001,15000000001,15000000001,150000,8848758.0,132731370005,1
43091,15000000001,15015015016,15015015016,15000000001,5359798.0,80418760306,1
43091,15015015016,15015015016,15015015016,15015015016,430346.0,64616516521,1
43091,15015015016,15015015016,15015015016,15015015015,15521846.0,233060750762,1
43091,15015015016,15015015016,15015015016,15015015016,10124542.0,15202015016,1
43091,15015015016,15015015016,15015015016,15015015016,1780919.0,26740525527,1
43091,15015015016,15015015016,15015015016,15015015016,28688.0,430750750779,1
43091,150150,150150,150150,150150,288.0,432432,0
43091,15015015016,15015015016,15015015016,15015015016,1017087.0,15271576578,1
43091,15015015016,15015015016,15015015016,15015015016,1024053.0,15376171172,1
43091,15015015016,15015015016,15015015016,15015015016,6235888.0,93631951958,1
43091,15015015016,15015015016,15015015016,15015015016,63.0,945945946,1
43091,15015014016,15015014016,15015014016,15015014016,8212517.0,123311057861,1
43091,15015014016,15015014016,15015014016,15015014016,384882.0,5779008625,1
43091,150150,15015014016,15015014016,150150,16037.0,240795612,0
43091,15014999999,15014999999,15014999999,15014999999,3302396.0,49585475937,1
43091,15015015007,15015015007,15015015007,15015015007,1010033.0,15165660653,1
43091,15015015006,15015015006,15015015006,15015015006,2942062.0,44175105079,1
43091,14500000003,14500000002,14500000003,14500000002,12253807.0,177680201527,1
43091,14500000002,14500000002,14500000002,14500000002,1715348.0,24872546004,1
43091,14499999998,14499999998,14499999998,14499999998,4487755.0,65072447491,1
43091,14499999997,14499999997,14499999997,14499999997,715086.0,10368746998,1
43091,14499999997,14499999997,14499999997,14499999997,241137.0,3496486499,1
43091,14782243495,14782243495,14782243495,14782243495,1006606.0,14879894996,1
43091,14782243494,14782243494,14782243494,14782243494,21.0,31042711338,1
43091,14782243495,14782243495,14782243495,14782243495,1008112.0,14902157054,1
43091,15000000003,15000000003,15000000003,15000000003,1250721.0,18760815004,1
43091,145000,145000,145000,145000,6186485.0,897040325,0
43091,145000,145000,145000,145000,12825849.0,1859748105,0
43091,140000,140000,140000,140000,5765635.0,8071889,0
43091,140000,140000,140000,140000,10560011.0,147840154,0
43091,140000,140000,140000,140000,299.0,4186,0
43091,140000,140000,140000,140000,1786556.0,25011784,0
43091,140000,140000,140000,140000,683179.0,9564506,0
43091,140000,13521000004,140000,13521000004,7874756.0,106723621896,0
43091,140000,140000,140000,140000,6945982.0,97243748,0
43091,140000,14564559228,14564559228,140000,3387529.0,47969296715,0
43091,140000,140000,140000,140000,124.0,1736,0
43091,13521000005,13521000005,13521000005,13521000005,8714713.0,117831634517,1
43091,13521000005,13521000005,13521000005,13521000005,2175885.0,294201410963,1
43091,13521000005,13521000005,13521000005,13521000005,9350128.0,126423080736,1
43091,13521000005,13521000005,13521000005,13521000005,10759373.0,145477482386,1
43091,13521000004,13521000004,13521000004,13521000004,1231329.0,16648799414,1
43091,13521000004,13521000004,13521000004,13521000004,1505759.0,20359367444,1
43091,13521000004,14676905222,14676905222,13521000004,3561.0,499471007,1
43091,14999999988,14999999988,14999999988,14999999988,2160492.0,32407379974,1
43091,135210,135210,135210,135210,517354.0,6995143434,0
43091,135210,135210,135210,135210,233117.0,3151974957,0
43091,135210,135210,135210,135210,1731461.0,23411084181,0
43091,135210,135210,135210,135210,2046749.0,27674093229,0
43091,135210,135210,135210,135210,21777768.0,294457201128,0
43091,135210,135210,135210,135210,1641852.0,22199480892,0
43091,135210,135210,135210,135210,23713.0,320623473,0
43091,135010,135210,135210,135010,704.0,95047278,0
43091,14250499989,14250499989,14250499989,14250499989,2587066.0,36866984005,1
43091,14999999944,14999999944,14999999944,14999999944,229322.0,3439829987,1
43091,14999999942,14999999942,14999999942,14999999942,1246.0,1869,1
43091,14999999928,14999999928,14999999928,14999999928,10062948.0,150944219275,1
43091,14999999916,14999999916,14999999916,14999999916,4357232.0,65358479634,1
43091,14999999914,14999999914,14999999914,14999999914,10243241.0,153648614119,1
43091,14999999912,1499999991,14999999912,1499999991,8467264.0,127008959246,1
43091,1499999991,1499999991,1499999991,1499999991,175988.0,26398199842,0
43091,14999999904,14999999904,14999999904,14999999904,4511.0,6766499957,1
43091,14999999897,14999999897,14999999897,14999999897,2194404.0,32916059774,1
43091,145000,145000,145000,145000,5.0,7250,0
43091,14499999996,14499999995,14499999996,14499999995,4873968.0,7067253598,1
43091,14499999995,14499999995,14499999995,14499999995,206895.0,29999774991,1
43091,14499999993,14499999993,14499999993,14499999993,21205461.0,307479184352,1
43091,14499999988,14499999988,14499999988,14499999988,13793.0,19999849984,1
43091,14499999988,14499999988,14499999988,14499999988,17491572.0,253627793791,1
43091,14499999986,14499999986,14499999986,14499999986,13793.0,1999984998,1
43091,14499999986,14499999986,14499999986,14499999986,14043322.0,203628168803,1
43091,14499999986,14499999989,14499999989,14499999986,1918938.0,278246009741,1
43091,145000,145000,145000,145000,11083911.0,1607167095,0
43091,15015015,15015015,15015015,15015015,12673376.0,19029093074,0
43091,15015014994,15015014994,15015014994,15015014994,1009022.0,15150480459,1
43091,14749999999,14749999999,14749999999,14749999999,666.0,98235,1
43091,14749999999,14749999998,14749999999,14749999998,13809614.0,203691806486,1
43091,14250499986,14250499984,14250499986,14250499984,19386871.0,276272604884,1
43091,14250499984,14250499984,14250499984,14250499984,11424813.0,162809297474,1
43091,14250499984,14250499984,14250499984,14250499984,178869.0,25489726817,1
43091,14528464251,14528464251,14528464251,14528464251,6883.0,9999941944,1
43091,14528464251,14528464251,14528464251,14528464251,22642106.0,328955027591,1
43091,14528464251,14528464251,14528464251,14528464251,5357594.0,77837612901,1
43091,14813310727,14813310727,14813310727,14813310727,1993528.0,29530749707,1
43091,14528464254,14528464254,14528464254,14528464254,456587.0,6633507908,1
43091,14530000001,14530000001,14530000001,14530000001,292824.0,425473272,1
43091,14528464252,145300,145300,14528464252,728729.0,10587421946,0
43091,14528464253,14528464253,14528464253,14528464253,2241017.0,32558535375,1
43091,14528464254,14528464254,14528464254,14528464254,141278.0,20525523728,1
43091,14528464254,14528464254,14528464254,14528464254,594891.0,8642852629,1
43091,14528464252,14528464251,14528464252,14528464251,231831.0,3368148396,1
43091,13928464231,139680,139680,13928464231,685782.0,9565467273,0
43091,13928464231,135050,13928464231,135050,793124.0,10723239687,0
43091,135050,135010,135050,135010,9681981.0,130732287069,0
43091,135010,135000,135010,135000,7352398.0,99260771716,0
43091,135000,135000,135000,135000,46318.0,625293,0
43091,130000,131000,131000,130000,2737537.0,35818905,0
43091,135000,135000,135000,135000,2364135.0,319158225,0
43091,135000,130000,13797616834,130000,2954677.0,40177041663,0
43091,130000,13579506141,13579506141,130000,11428722.0,152660233853,0
43091,13579506141,13299893883,13579506141,13299893883,17500753.0,233563441076,1
43091,125000,125000,125000,125000,1.0,1250,0
43091,13593099238,13593099238,13593099238,13593099238,2878112.0,39122462034,1
43091,123000,12210608965,123000,12210608965,281895.0,34510487177,0
43091,12210608963,12210608963,12210608963,12210608963,2851923.0,34823716545,1
43091,12210608963,12210608963,12210608963,12210608963,4041834.0,49353254468,1
43091,12210608962,12210608964,12210608964,12210608962,2063559.0,25197312023,1
43091,14128464229,14128464229,14128464229,14128464229,14182897.0,200382552928,1
43091,13099999997,13099999997,13099999997,13099999997,19340273.0,253357576242,1
43091,131000,131000,131000,131000,4171993.0,546531083,0
43091,131000,131000,131000,131000,999455.0,130928605,0
43091,131000,131000,131000,131000,400738.0,52496678,0
43091,131000,131000,131000,131000,101164.0,13252484,0
43091,131000,131000,131000,131000,15190839.0,1989999909,0
43091,13392388401,13392388401,13392388401,13392388401,135873.0,18196639892,1
43091,13392388401,13392388401,13392388401,13392388401,159225.0,2132403043,1
43091,13392388401,13392388401,13392388401,13392388401,6875788.0,92083223459,1
43091,14099999984,14099999984,14099999984,14099999984,12127802.0,171002008006,1
43091,14099999984,14099999984,14099999984,14099999984,7530618.0,10618171368,1
43091,14099999978,14099999978,14099999978,14099999978,457409.0,64494668899,1
43091,14099999978,14099999978,14099999978,14099999978,679181.0,9576452085,1
43091,12600000001,12600000001,12600000001,12600000001,4232999.0,53335787404,1
43091,12600000001,12600000001,12600000001,12600000001,15275078.0,192465982818,1
43091,12600000001,12600000001,12600000001,12600000001,12305.0,15504300001,1
43091,126000,12600000001,12600000001,126000,10175107.0,128206348203,0
43091,12600000001,12600000001,12600000001,12600000001,14615412.0,184154191216,1
43091,126000,126000,126000,126000,86064.0,10844064,0
43091,126000,125000,126000,125000,25226678.0,3172491457,0
43091,12221608964,12221608964,12221608964,12221608964,8989569.0,109866997073,1
43091,12499999982,12499999982,12499999982,12499999982,1001581.0,12519762482,1
43091,12499999983,12499999983,12499999983,12499999983,1002515.0,12531437483,1
43091,12895508066,12895508066,12895508066,12895508066,2.0,25791016132,1
43091,12895508065,12895508069,12895508069,12895508065,92531227.0,1193237184292,2
43091,12895508069,12895508069,12895508069,12895508069,10734587.0,138427953276,1
43091,12221608966,12221608966,12221608966,12221608966,1e-05,12221609,1
43091,12221608968,12509598887,12509598887,12221608968,279528.0,3496495168,1
43091,12508608967,12508608967,12508608967,12508608967,2701651.0,33793895924,1
43091,12508608967,12508608967,12508608967,12508608967,4381416.0,54805419466,1
43091,12508608967,12508608967,12508608967,12508608967,574551.0,7186833791,1
43091,12508608967,12508608967,12508608967,12508608967,2809616.0,3514438789,1
43091,12508608967,12508608967,12508608967,12508608967,8381524.0,104841206264,1
43091,122220,122220,122220,122220,3879748.0,47418280056,0
43091,12508608967,12508608967,12508608967,12508608967,500939.0,6266050067,1
43091,12222000002,12222000002,12222000002,12222000002,1e-05,12222,1
43091,12508608967,12508608967,12508608967,12508608967,70398.0,8805810541,1
43091,125070,12508608967,12508608967,125070,14506798.0,181458685883,0
43091,12222000004,12222000003,12222000004,12222000003,7867458.0,96156071704,1
43091,122220,12221608964,122220,12221608964,1771135.0,216462269651,0
43091,120000,120000,120000,120000,55042.0,660504,0
43091,12506999996,12506999996,12506999996,12506999996,1414807.0,17694991143,1
43091,12506999996,12506999996,12506999996,12506999996,4716.0,58983012,1
43091,12506999993,12506999993,12506999993,12506999993,2084264.0,26067889833,1
43091,121000,12505999997,12505999997,121000,1501554.0,18477998382,0
43091,12505999995,12505999995,12505999995,12505999995,2696486.0,33722253903,1
43091,12499999999,12506999996,12506999996,12499999999,162407273.0,203070979205,2
43091,12150000006,125000,125000,12150000006,4450214.0,54207769124,0
43091,125000,12150000005,125000,12150000005,9025369.0,111018328125,0
43091,12150000005,12162162167,12162162167,12150000005,526624.0,63996359279,1
43091,12150000004,12150000003,12162162167,120000,103226992.0,1254046789623,2
43091,12150000003,12150000002,12150000003,117500,16126854.0,191086768907,1
43091,117500,11500000001,12150000002,11500000001,60752932.0,71314474021,2
43091,12150000001,12150000001,12150000001,12150000001,520856.0,6328400401,1
43091,11500000001,11500000001,11500000001,11500000001,3997579.0,45972158504,1
43091,12150000001,12150000001,12150000001,12150000001,3639078.0,44214797704,1
43091,116000,116000,116000,116000,704.0,81664,0
43091,11600000004,11600000004,11600000004,11600000004,155682.0,18059112006,1
43091,130000,130000,130000,130000,45.0,5850,0
43091,130000,130000,130000,130000,306.0,3978,0
43091,12800000008,12800000008,12800000008,12800000008,836895.0,10712256007,1
43091,12779999999,12779999999,127800,12779999999,7384486.0,94373731074,1
43091,12779999999,12779999999,12779999999,11610000017,10979711.0,140013086663,1
43091,12770000005,12770000005,12770000005,12770000005,3593598.0,45890246478,1
43091,12770000005,12770000005,12770000005,12770000005,154955.0,1978775351,1
43091,12770000005,12770000005,12770000005,12770000005,859492.0,109757128443,1
43091,12770000003,12770000003,12770000003,12770000003,7769823.0,99220639733,1
43091,12770000001,12770000001,12770000001,12770000001,28688.0,366345760029,1
43091,11613000014,11613000014,11613000014,11613000014,2050007.0,2380673132,1
43091,127800,12000000019,127800,12000000019,6069373.0,77500676942,0
43091,14127998,14127998,14127998,14127998,400926.0,5664281726,0
43091,14123999999,14123999999,14123999999,14123999999,5941671.0,83920161198,1
43091,140000,140000,140000,140000,21217.0,297038,0
43091,140000,13125999997,140000,13125999997,6764881.0,92140422355,0
43091,13125999997,13125999997,13125999997,13125999997,6632025.0,8705196013,1
43091,13125999997,13125999997,13125999997,13125999997,2128922.0,27944230166,1
43091,14127997,14127997,14127997,14127997,70781.0,9999937557,0
43091,14127997,14127997,14127997,14127997,1424578.0,2012643371,0
43091,14127998,14127998,14127998,14127998,1416555.0,20013086207,0
43091,141280,141280,141280,141280,4403253.0,62209158384,0
43091,14127997,14127997,14127997,14127997,5562662.0,78589272048,0
43091,14227997,14227997,14227997,14227997,5436377.0,77348755647,0
43091,14227997,14227997,14227997,14227997,16950495.0,241171592009,0
43091,14227997,14227997,14227997,14227997,34954816.0,497337017184,2
43091,14127997001,14127997001,14227997,14127997001,3102165.0,43829351217,1
43091,14127997002,14127997002,14127997002,14127997002,1587865.0,2243335196,1
43091,14127997002,14127997002,14127997002,14127997002,46131.0,65173863,1
43091,14127997,14127997,14127997,14127997,111778.0,1579199249,0
43091,14127996997,14127996997,14127996997,14127996997,852296.0,12041235329,1
43091,14127996995,14127996995,14127996995,14127996995,2539027.0,35871365826,1
43091,14127996995,14127997,14127997,14127996995,50351.0,7113587767,0
43091,14127997,14127997,14127997,14127997,4981239.0,70374929648,0
43091,14127997,14127997,14127997,14127997,43.0,607503871,0
43091,145000,145000,145000,145000,573051.0,83092395,0
43091,14513472,14513472,14513472,14513472,61915.0,8986016189,0
43091,14528464251,14528464251,14528464251,14528464251,209686.0,3046415555,1
43091,14528464251,14528464251,14528464251,14528464251,3397391.0,4935887369,1
43091,14513472,14513472,14528464251,14513472,220007.0,31930977545,0
43091,14513472,14513472,14513472,14513472,2196553.0,31879610462,0
43091,141280,141280,141280,141280,261621.0,3696181488,0
43091,141280,141280,141280,141280,904273.0,12775568944,0
43091,141280,141280,141280,141280,556364.0,7860310592,0
43091,141280,141280,141280,141280,409416.0,5784229248,0
43091,141280,141280,141280,141280,384061.0,5426013808,0
43091,140000,140000,140000,140000,1029992.0,14419888,0
43091,140000,140000,140000,140000,701754.0,9824556,0
43091,140000,140000,140000,140000,5188206.0,72634884,0
43091,13377532493,13377532493,13377532493,13377532493,191752.0,25651686106,1
43091,13499999999,13499999999,13499999999,13499999999,844841.0,114053535,1
43091,13499999999,13499999999,13499999999,13499999999,1019887.0,13768474499,1
43091,13000997,13000997,13000997,13000997,49895852.0,648695822164,2
43091,13000997,13000997,13000997,13000997,15349272.0,199555839224,0
43091,13499999999,1351351351,13527040553,13499999998,7954909.0,107477973288,1
43091,13527040549,13513513508,140000,13513513508,52081.0,70652286716,1
43091,13513513508,13513513508,13513513508,13513513507,3371895.0,45566148629,1
43091,13513513507,133000,13513513507,133000,4522928.0,6102533683,0
43091,13299999999,13299999999,13299999999,13299999999,1696098.0,225581034,1
43091,13299999999,13299999999,13299999999,13299999999,744707.0,9904603099,1
43091,13299999999,133000,133000,13299999999,5374384.0,71479307197,0
43091,133000,133000,133000,133000,3472815.0,461884395,0
43091,133000,133000,133000,133000,384213.0,51100329,0
43091,133000,13513513508,13513513508,133000,803808.0,10808560302,0
43092,13513513507,13513513507,13513513507,13513513507,600741.0,8118121618,1
43092,13513513506,13513513506,13513513506,13513513506,387055.0,523047297,1
43092,13513513506,13513513506,13513513506,13513513506,385098.0,5204027024,1
43092,13513513506,13513513506,13513513506,13513513506,4984983.0,67364635098,1
43092,13513513506,13513513506,13513513506,13513513506,6587866.0,89025216166,1
43092,13513499999,13513499999,13513499999,13513499999,2791644.0,37724881191,1
43092,12100000014,12100000014,12100000014,12100000014,5.0,6050000007,1
43092,12100000015,12100000015,12100000015,12100000014,1178744.0,14262802418,1
43092,12100000015,12100000015,12100000015,12100000015,13156.0,1591876,1
43092,12118000003,12118000005,12118000005,12118000003,9573578.0,116012618243,1
43092,12118000005,121180,12118000005,121180,2734587.0,331377252786,0
43092,121180,12118000005,12118000005,121180,1609485.0,19503739236,0
43092,121150,12110500004,121180,12110500004,7697848.0,93261400002,0
43092,12110500004,121050,12110500004,121050,518881.0,62813322943,0
43092,121050,12100000015,121050,12100000015,104975.0,1270674465,0
43092,11700997006,11700997006,11700997006,11700997006,24942854.0,291856259975,1
43092,11700997005,11700997005,11700997005,11700997005,1092567.0,12784123195,1
43092,11700997005,11700997005,12118000005,11700997005,6514989.0,7792076187,1
43092,117010,117010,117010,117010,329051.0,3850225751,0
43092,11700997005,11700997005,11700997005,11700997005,7016439.0,82099331724,1
43092,11700997,11700997,11700997,11700997,9785268.0,114497391512,0
43092,11700997001,11700997001,11700997001,11700997001,3927747.0,45958555867,1
43092,11700997002,11700997002,11700997002,11700997002,7512835.0,87907659811,1
43092,12118000004,12117000006,12118000004,12104883005,15407056.0,186685938679,1
43092,12117000006,12117000006,130990,12117000006,2577188.0,31234552008,1
43092,126000,126000,126000,126000,1214254.0,152996004,0
43092,126000,126000,126000,126000,1101058.0,138733308,0
43092,12117000006,12117000006,12117000006,12117000006,3203869.0,38821280693,1
43092,12117000007,11754008877,12117000007,11754008877,12822468.0,151526369166,1
43092,11754008877,122000,122000,11754008877,11876051.0,142374821441,0
43092,122000,122000,122000,122000,7372982.0,899503804,0
43092,122000,122000,122000,122000,4401366.0,536966652,0
43092,122000,122000,122000,122000,998882.0,121863604,0
43092,122000,122000,122000,122000,8673434.0,1058158948,0
43092,122000,122000,122000,122000,6934684.0,846031448,0
43092,1183452243,1183452243,1183452243,1183452243,1722975.0,20390586284,0
43092,11834522432,11834522432,11834522432,11834522432,5650955.0,66876353709,1
43092,11834522432,11834522432,11834522432,11834522432,2692686.0,31866652869,1
43092,11834522432,11834522432,11834522432,11834522432,9575459.0,113320984332,1
43092,11700997002,11701997003,11701997003,11700997002,181337.0,21218255647,1
43092,127000,127000,127000,127000,1371575.0,174190025,0
43092,127000,127000,127000,127000,9759336.0,1239435672,0
43092,126650,126650,126650,126650,3274877.0,41476317205,0
43092,11800997002,11800997002,11800997002,11800997002,4733719.0,55862603727,1
43092,12200997005,12000997005,12200997006,12000997005,62436796.0,755885839027,2
43092,12000997005,12000997005,12000997005,12000997005,13510893.0,162144186428,1
43092,127000,127000,127000,127000,46072.0,5851144,0
43092,131000,131000,131000,131000,3680248.0,482112488,0
43092,11702000001,11702000001,11702000001,11702000001,704.0,8238208,1
43092,117030,117030,117030,117030,140651.0,1646038653,0
43092,11750000001,11750000001,11750000001,11750000001,1653559.0,19429318252,1
43092,129990,129990,129990,129990,2401083.0,31211677917,0
43092,129990,129990,129990,129990,1815089.0,23594341911,0
43092,129990,129990,129990,129990,44964109.0,584488452891,2
43092,134990,134990,134990,134990,39421.0,532144079,0
43092,13020658345,134990,134990,13020658345,602085.0,7974755437,0
43092,13020658345,13020658345,13020658345,13020658345,94752.0,12337334195,1
43092,12499000001,12499000001,12499000001,12499000001,29753919.0,371894233611,1
43092,12499000001,12499000001,12499000001,12499000001,13039122.0,162975985891,1
43092,12499000001,12499000001,12499000001,12499000001,392335.0,49037951654,1
43092,12499000001,12499000001,12499000001,12499000001,745499.0,9317992002,1
43092,117010,11702000001,11702000001,117010,221491207.0,2591698184834,2
43092,129990,129990,129990,129990,719231.0,9349283769,0
43092,12998999999,12998999999,12998999999,12998999999,11392028.0,148084971961,1
43092,12998999999,12998999999,12998999999,12998999999,234595.0,3049500405,1
43092,12998999999,12998999999,12998999999,12998999999,4609812.0,59922946183,1
43092,12998999999,12998999999,12998999999,12998999999,288.0,37437119997,1
43092,12998999999,12998999999,12998999999,12998999999,1182959.0,1537728404,1
43092,12998999999,12998999999,12998999999,12998999999,10462809.0,136006054181,1
43092,125175,125175,125175,125175,4112802.0,51481999035,0
43092,125175,125175,125175,125175,16469443.0,206156252752,0
43092,125170,125170,125170,125170,116323.0,1456014991,0
43092,13099999999,13099999999,13099999999,13099999999,1339547.0,17548065699,1
43092,13099999999,13099999999,13099999999,13099999999,1843163.0,24145435298,1
43092,13099999998,13099999998,13099999998,13099999998,849652.0,11130441198,1
43092,13099999998,13099999998,13099999998,13099999998,3304729.0,43291949893,1
43092,13099999998,13099999998,13099999998,13099999998,92572.0,12126931998,1
43092,13000999999,13000999999,13000999999,13000999999,3203739.0,41651810736,1
43092,13099999998,13099999998,13099999998,13099999998,8084518.0,105907185784,1
43092,13099999999,13099999999,13099999999,13099999999,3471383.0,45475117297,1
43092,13099999999,13099999999,13099999999,13099999999,3256233.0,42656652297,1
43092,13099999999,13099999999,13099999999,13099999999,1754349.0,22981971898,1
43092,126000,126000,126000,126000,704.0,88704,0
43092,13099999996,130990,13099999996,130990,4735136.0,62026709533,0
43092,126010,126000,126010,126000,3189934.0,401939684,0
43092,126000,126000,126000,126000,704.0,88704,0
43092,12200000001,12200000001,12200000001,12200000001,4509516.0,55016095205,1
43092,12200000001,12200000001,12200000001,12200000001,704.0,85888,1
43092,1398960779,1398960779,1398960779,1398960779,2171792.0,30382518281,0
43092,138000,1398960779,1398960779,138000,6526378.0,91204443828,0
43092,14098999999,14098999999,14098999999,14098999999,3880534.0,54711648862,1
43092,140990,140990,140990,140990,551448.0,7774865352,0
43092,137000,137000,137000,137000,1217.0,166729,0
43092,14333227197,14333227197,14333227197,14333227197,81969.0,11748803,1
43092,13700000002,13700000002,13700000002,13700000002,3988718.0,54645436608,1
43092,13700000002,13700000002,13700000002,13700000002,9181394.0,125785097818,1
43092,14333227198,14333227198,14333227198,14333227198,137042.0,19642541217,1
43092,14799999999,14799999999,14799999999,14799999999,42.0,62159999996,1
43092,14343227199,14343227199,14343227199,14343227199,288.0,41308494333,1
43092,14343227198,14343227198,14343227198,14343227198,3879891.0,55650158116,1
43092,143432272,143432272,143432272,143432272,1466271.0,2103105809,0
43092,14343227199,14343227199,14343227199,14343227199,288.0,41308494333,1
43092,148000,148000,148000,148000,10616675.0,15712679,0
43092,148000,148000,148000,148000,479359.0,70945132,0
43092,149500,149500,149500,149500,3243446.0,484895177,0
43092,149500,149500,149500,149500,1256554.0,187854823,0
43092,149500,14964964965,14964964965,149500,883672.0,13214902401,0
43092,14333227198,14333227198,14333227198,14333227198,29048.0,416351584,1
43092,13700000003,13700000003,13700000003,13700000003,1685307.0,23088705905,1
43092,13700000004,13700000004,13700000004,13700000004,71453.0,9789061003,1
43092,13700000006,13700000006,13700000006,13700000006,577714.0,7914681803,1
43092,137000,13700000006,13700000006,137000,391347.0,5361453901,0
43092,137000,137000,13700000001,137000,12484369.0,171035855302,0
43092,137000,13699999999,137000,13699999999,842884.0,115475107993,0
43092,13699999999,13696999999,13699999999,13696999999,4703918.0,64435036595,1
43092,13695999998,13694999998,13695999998,13694999998,2320286.0,31778346351,1
43092,13692669946,13692669946,13692669946,13692669946,3171761.0,43429876521,1
43092,13205000005,13005000006,13205000005,13005000006,4492407.0,59014996459,1
43092,13005000006,13005000006,13005000007,13005000006,143478.0,18659313908,1
43092,12900000005,12900000005,12900000005,12900000005,5599094.0,72228312628,1
43092,140120,140120,140120,140120,8919561.0,124980888732,0
43092,13200000001,13200000001,13200000001,13200000001,9667165.0,12760657801,1
43092,13200000001,13200000001,13200000001,13200000001,713122.0,9413210401,1
43092,13200000001,13200000001,13200000001,13200000001,29713.0,3922116,1
43092,13200000001,13200000001,13200000001,13200000001,704.0,92928,1
43092,13200000001,13200000001,13200000001,13200000001,4972.0,656304,1
43092,14799999999,14799999999,14799999999,14799999999,234857.0,34758835998,1
43092,14799999999,148000,148000,14799999999,3676133.0,544067684,0
43092,148000,148000,148000,148000,3705772.0,548454256,0
43092,148000,148000,148000,148000,1189506.0,176046888,0
43092,148000,148000,148000,148000,2939015.0,43497422,0
43092,13201000014,13201000014,13201000014,13201000014,583332.0,77005657401,1
43092,12607000005,12607000005,12607000005,12607000005,364136.0,4590662554,1
43092,14799899999,14799899999,14799899999,14799899999,3981816.0,58930478614,1
43092,13699999998,13699999998,13699999998,13699999998,3313433.0,45394032093,1
43092,13699999997,13699999997,13699999997,13699999997,609224.0,8346368798,1
43092,13699999997,13699999997,13699999997,13699999997,936286.0,12827118197,1
43092,13000000054,14799999995,14799999995,13000000054,807917.0,11883420198,1
43092,14799999995,14799999995,14799999995,14799999995,67567.0,9999916,1
43092,14799999995,14799999995,14799999995,14799999995,4445945.0,65799985978,1
43092,14799999995,14799999995,14799999995,14799999995,22923151.0,339262634685,1
43092,132000,132000,132000,132000,1667123.0,220060236,0
43092,132000,132000,132000,132000,27020877.0,3566755764,0
43092,140000,140000,140000,140000,48.0,672,0
43092,140000,14376772924,14376772924,140000,184032.0,2638250816,0
43092,14376772923,14376772923,14376772923,14376772923,8915408.0,128174796332,1
43092,14376772923,14376772923,14376772923,14376772923,904418.0,13002612213,1
43092,14299999999,14299999999,14299999999,14299999999,288.0,41183999997,1
43092,14299999999,14299999999,14299999999,14299999999,2620578.0,37474265397,1
43092,14299999999,14299999999,14299999999,14299999999,3486683.0,49859566896,1
43092,14299999999,14299999999,14299999999,14299999999,2476054.0,35407572198,1
43092,14299999999,14299999999,14299999999,14299999999,704.0,100672,1
43092,14299999999,14299999999,14299999999,14299999999,13666718.0,195434067386,1
43092,143000,143000,143000,143000,26923527.0,3850064361,0
43092,143000,14799999996,14799999996,143000,2151218.0,307981663997,1
43092,137000,137000,137000,137000,704.0,96448,0
43092,14799999996,14799999996,14799999996,14799999996,485513.0,7185592398,1
43092,14799999996,14799999996,14799999996,14799999996,2771085.0,41012057988,1
43092,14799999999,148000,148000,14799999999,1050018.0,155402664,0
43093,145000,145000,14799999999,145000,16072046.0,2330497706,0
43093,13620000004,13620000004,13620000004,136200,34297364.0,467130097815,2
43093,145000,14499999999,145000,14499999999,2012893.0,291869485,0
43093,14499999999,14499999999,14499999999,14499999999,961929.0,13947970499,1
43093,14199999999,14199999999,14199999999,14199999999,12665093.0,179844320587,1
43093,1449999999,1449999999,1449999999,1449999999,381711.0,5534809496,0
43093,13300000002,138500,138500,13300000002,11854898.0,15839278534,0
43093,14399999998,14399999998,14399999998,14399999998,495.0,71279999991,1
43093,14399999998,134000,14399999998,134000,8746544.0,121463689592,0
43093,13300000001,13300000001,13300000001,13300000001,9658467.0,12845761111,1
43093,14389999989,14389999989,14389999989,14389999989,1652739.0,23782914192,1
43093,14393125599,145000,145000,14393125599,14.0,202109986865,0
43093,145000,145000,145000,145000,288.0,4176,0
43093,14200000003,14100000005,14200000003,14100000005,5545756.0,78362629324,1
43093,140010,14000999999,141000,14000999999,3027593.0,42438829593,0
43093,13999999999,13999999999,13999999999,13999999999,2433.0,34062,1
43093,13999999997,13999999997,13999999997,13999999997,2921.0,4089399999,1
43093,13999999997,13999999997,13999999997,13999999997,3505.0,4906999999,1
43093,13999999997,13999999997,13999999997,13999999997,4216.0,5902399999,1
43093,139990,139990,139990,139990,1.0,13999,0
43093,139990,13999999998,13999999998,139990,13461335.0,188452098762,0
43093,144990,144990,144990,144990,5.0,72495,0
43093,144990,144990,144990,144990,6311.0,91503189,0
43093,144990,144990,144990,144990,304.0,4407696,0
43093,144990,144990,144990,144990,317.0,4596183,0
43093,144990,144990,144990,144990,7658.0,111033342,0
43093,144990,144990,144990,144990,9183.0,133144317,0
43093,144990,144990,144990,144990,339.0,4915161,0
43093,144990,144990,144990,144990,11811.0,171247689,0
43093,144990,144990,144990,144990,14175.0,205523325,0
43093,144990,144990,144990,144990,1695.0,24575805,0
43093,144990,144990,144990,144990,20332.0,294793668,0
43093,144990,145000,151000,144990,3054079.0,44548431087,0
43093,142000,142000,142000,142000,2.0,284,0
43093,145000,145000,145000,145000,953074.0,13819573,0
43093,152500,152500,152500,152500,2969143.0,4527943075,0
43093,14900000001,14900000001,14900000001,14900000001,845.0,125905,1
43093,152500,152500,152500,152500,1960746.0,299013765,0
43093,14900000001,14900000001,14900000001,14900000001,1158.0,172542000012,1
43093,153890,153890,153890,153890,136005.0,2092980945,0
43093,14950000001,14950000001,14950000001,14950000001,4865.0,7273175,1
43093,14950000001,14950000001,14950000001,14950000001,5838.0,8727810001,1
43093,14950000001,14950000001,14950000001,14950000001,1699235.0,25403563252,1
43093,14950000001,14950000001,14950000001,14950000001,2478767.0,37057566653,1
43093,14950000001,14950000001,14950000001,14950000001,10088.0,15081560001,1
43093,14950000002,14950000002,14950000002,14950000002,12106.0,18098470002,1
43093,14950000002,14950000002,14950000002,14950000002,12106.0,18098470002,1
43093,14950000002,14950000002,14950000002,14950000002,16948.0,25337260003,1
43093,14950000002,14950000002,14950000002,14950000002,20338.0,30405310004,1
43093,14950000004,14950000004,14950000004,14950000004,24405.0,3648547501,1
43093,14950000004,14950000004,14950000004,14950000004,24405.0,3648547501,1
43093,14950000004,149000,14950000004,149000,2297864.0,34281886153,0
43093,149000,149000,149000,149000,59317.0,8838233,0
43093,145550,145550,145550,145550,5.0,72775,0
43093,145000,145000,145000,145000,766185.0,111096825,0
43093,145000,144000,145000,144000,5139311.0,740205095,0
43093,145000,145000,145000,145000,17902.0,259579,0
43093,145000,149990,149990,145000,236455.0,3537516543,0
43093,14414414415,14414414415,14414414415,14414414415,25452.0,36687567569,1
43093,14414414415,14414414415,14414414415,14414414415,2184236.0,31484482884,1
43093,14414414414,14414414415,14414414415,14414414414,2825134.0,40722652252,1
43093,14414414414,14414420001,14414420001,14414414414,1392183.0,20067509823,1
43093,14414500001,14414500001,14414500001,14414500001,958214.0,13812175704,1
43093,14414500001,14414500001,14414500001,14414500001,612.0,8821674001,1
43093,14414500001,14414500001,14414500001,14414500001,59.0,8504555,1
43093,14414500002,14414500002,14414500002,14414500002,1984583.0,28606771657,1
43093,14414500002,14414500002,14414500002,14414500002,4664208.0,67232226225,1
43093,149990,149990,149990,149990,281743.0,4225863257,0
43093,149990,149990,149990,149990,499291.0,7488865709,0
43093,14999000001,14999000001,14999000001,14999000001,585658.0,8784284343,1
43093,14999000001,14999000001,14999000001,14999000001,522698.0,7839947303,1
43093,153780,153780,153780,153780,14564152.0,223967529456,0
43093,149500,149500,149500,149500,704.0,105248,0
43093,14414555705,14414555705,14414555705,14414555705,704.0,1014784722,1
43093,14414555702,14414555702,14414555702,14414555702,142261.0,2050629109,1
43093,153770,153770,153770,153770,133223.0,2048570071,0
43093,153770,153770,153770,153770,258939.0,3981705003,0
43093,15299999999,15299999999,15299999999,15299999999,88493.0,13539429,1
43093,153760,153760,153760,153760,1515.0,2329464,0
43093,153760,153760,153760,153760,7482131.0,115045246256,0
43093,153760,146010,153760,146010,81037.0,1208843512,0
43093,148000,148000,148000,148000,69666.0,10310568,0
43093,14900000002,149001,149001,14900000002,506836.0,755185778,0
43093,14900000004,14900000004,14900000004,14900000004,28797868.0,429088233315,1
43093,153500,153500,153500,153500,704.0,108064,0
43093,151980,151980,151980,151980,6481234.0,98501794332,0
43093,14453269597,14453269597,14453269597,14453269597,1.0,144532696,1
43093,14453269597,14453269597,14453269597,14453269597,1283715.0,18553878981,1
43093,144532696,144532696,144532696,144532696,1810035.0,2616092384,0
43093,14414555704,14414555704,14414555704,144145555,163036.0,23500915035,1
43093,144145555,144145555,144145555,144145555,803785.0,11586203492,0
43093,13802183723,13802183723,13802183723,13802183723,4162871.0,57456710357,1
43093,14799999999,148000,148000,14799999999,12973762.0,192011677596,1
43093,148000,13797278425,148000,13797278425,1609578.0,22595084989,0
43093,148000,148000,148000,148000,4279088.0,633305024,0
43093,148000,148000,148000,148000,1370573.0,202844804,0
43093,1393003587,148000,148000,1393003587,288.0,40149721968,0
43093,14000000003,14000000003,14000000003,14000000003,116054.0,1624756,1
43093,14000000002,14000000002,14000000002,14000000002,288.0,40320000006,1
43093,14000000002,14000000002,14000000002,14000000002,1462096.0,204693440029,1
43093,14050000001,14050000001,14050000001,14050000001,20166498.0,28333929692,1
43093,14201000001,14201000001,14201000001,14201000001,1980132.0,28119854534,1
43093,14300000008,14300000008,14300000008,14300000008,3008337.0,43019219124,1
43093,14300000008,14300000008,14300000008,14300000008,704.0,1006720001,1
43093,14000000001,14000000001,14000000001,14000000001,4514038.0,63196532005,1
43093,140010,140010,140010,140010,2941613.0,41185523613,0
43093,140000,140000,140000,140000,6445414.0,90235796,0
43093,145000,145000,145000,145000,2066645.0,299663525,0
43093,142000,142000,142000,142000,144.0,20448,0
43093,142010,142010,142010,142010,2030786.0,28839191986,0
43093,142010,142020,142020,142010,6273781.0,89097347944,0
43093,142020,142010,142020,142010,8102.0,1150603786,0
43093,13500999998,130000,13500999999,130000,6111835.0,80275540088,0
43093,13500999998,13500999998,13500999999,13500999998,1950318.0,26331243315,1
43093,13666999989,13555999987,13666999989,13555999987,1179751.0,16078852863,1
43093,13555999987,13555999983,13555999987,13555999983,836599.0,11340936031,1
43093,13555999983,13555999983,13555999983,13555999983,388489.0,5266356878,1
43093,130000,13552989974,13552989974,130000,1688695.0,22139137693,0
43093,13551989969,13551989967,13551989969,13551989967,1162791.0,15758131967,1
43093,13551989966,13551989967,13551989967,13551989966,404895.0,5487132978,1
43093,13551989957,13551989957,13551989957,13551989957,8497853.0,115162818512,1
43093,13551989958,13551989957,13551989958,13551989957,789173.0,10694864571,1
43093,13551989957,13551989957,13551989957,13551989957,773555.0,10483209591,1
43093,130000,130000,130000,130000,8e-05,104,0
43093,13551989955,13551989955,13551989955,13551989955,5906.0,8003805267,1
43093,13551989955,13551989955,13551989955,13551989955,389125.0,5273418091,1
43093,13539999999,13539999999,13539999999,13539999999,1037.0,1404098,1
43093,13539999999,13539999999,13539999999,13539999999,451165.0,61087741,1
43093,13489999997,13489999997,13489999997,13489999997,39137.0,5279581299,1
43093,12900000001,13489999997,13489999997,12900000001,21255046.0,276309540637,1
43093,13489999997,13489999997,13489999997,13489999997,205681.0,27746366894,1
43093,13489999997,13489999997,13489999997,13489999997,428136.0,5775554639,1
43093,13489998,13489998,13489998,13489998,1715.0,231353466,0
43093,12900000001,12900000001,12900000001,12900000001,57376.0,740150400058,1
43093,12900000001,12900000001,12900000001,12900000001,2982732.0,38477242803,1
43093,12900000001,12900000001,12900000001,12900000001,5367453.0,69240143706,1
43093,13489999997,13489999997,13489999997,13476509997,8661884.0,116809963936,1
43093,13489999997,13555999986,13555999986,13489999997,7389104.0,99916099552,1
43093,13476509997,13476509997,13476509997,13476509997,492782.0,6640981549,1
43093,13555999986,13555999986,13555999986,13555999986,31178817.0,422660042815,2
43093,13555999987,13555999987,13555999987,13555999987,845033.0,11455267337,1
43093,13555999987,13555999987,13555999987,13555999987,275909.0,37402224004,1
43093,12900000007,12900000007,12900000007,12900000007,282761.0,3647616902,1
43093,130000,130000,130000,130000,2435744.0,31664672,0
43093,13040000006,13040000006,13040000006,13040000006,6336148.0,82623369958,1
43093,13040000008,13040000008,13040000008,13040000008,1390188.0,18128051531,1
43093,13040000009,130000,13040000009,130000,17079828.0,222136844022,0
43093,130000,12999999999,13013013013,12999999999,11467357.0,149084811877,1
43093,14200999995,14200999995,14200999995,14200999995,2138968.0,30375484557,1
43093,12900000003,12900000003,12900000003,12900000003,172666.0,22273914006,1
43093,12900000003,12900000003,12900000003,12900000003,887944.0,11454477603,1
43093,14200999989,14200999989,14200999989,14200999989,140834.0,19999836324,1
43093,14200999983,14200999983,14200999983,14200999983,6501677.0,92330314966,1
43093,14200999999,14200999999,14200999999,14200999999,1694453.0,24062927051,1
43093,13000000004,13000000004,13000000004,13000000004,12839.0,1669070001,1
43093,13000000008,13000000008,13000000008,13000000008,124381.0,1616953001,1
43093,13201000001,13201000001,13201000001,13201000001,17111153.0,22588433077,1
43093,14200999999,14200999999,14200999999,14200999999,77908.0,11063715079,1
43093,13200999999,13200999999,13200999999,13200999999,24167.0,319028567,1
43093,1320299999,1320299999,1320299999,1320299999,288.0,38024639971,0
43093,13202999991,13202999991,13202999991,13202999991,1917463.0,25316263972,1
43093,1320299999,1320299999,1320299999,1320299999,287719.0,37987539541,0
43093,13201000004,13200999999,13201000004,13200999999,6889481.0,90948038708,1
43093,130000,13101000002,13101000002,130000,7434775.0,96809219283,0
43093,130000,130000,130000,130000,5021076.0,65273988,0
43093,12900999999,12900000003,12900999999,12900000003,237832.0,3068233512,1
43093,12900000001,12900000001,12900000001,12900000001,150532.0,19418628,1
43093,12900000001,12900000001,12900000001,12900000001,170234.0,21960186,1
43093,12900000001,12900000001,12900000001,12900000001,282.0,36378,1
43093,126920,126920,126920,126920,9.0,114228,0
43093,126920,12691999997,126920,12691999997,3781757.0,47998059834,0
43093,12691999997,126920,126920,12691999997,4990791.0,63343119361,0
43093,126920,13202999989,13202999989,126920,1478825.0,19251663083,0
43093,13202999988,13202999988,13202999988,13202999988,14428942.0,190505321051,1
43093,12580000002,12580000002,12580000002,12580000002,6470613.0,81400311553,1
43093,12580000002,12580000002,12580000002,12580000002,110495.0,13900271,1
43093,12580000002,12580000002,12580000002,12580000002,93799.0,117999142,1
43093,126000,126000,126000,126000,28688.0,3614688,0
43093,126000,126000,126000,126000,704.0,88704,0
43093,12760000001,12760000001,12760000001,12760000001,3377784.0,43100523843,1
43093,12760000001,12760000001,12760000001,12760000001,385943.0,492463268,1
43093,12760000001,12750048189,12760000001,12750048189,6291442.0,80240073027,1
43093,126000,126000,126000,126000,32634456.0,4111941456,0
43093,126000,126000,126000,126000,408879.0,51518754,0
43093,12580000001,12580000001,12580000001,12580000001,17037.0,21432546,1
43093,13787999997,13787999997,13787999997,13787999997,7671495.0,105774573037,1
43093,12700000001,13787999997,13787999997,12700000001,1.0,132046688,1
43093,12700000002,12700000002,12700000002,12700000002,2541302.0,32274535405,1
43093,12700000002,12700000002,12700000002,12700000002,120117.0,15254859,1
43093,12700000002,12700000001,12700000002,12700000001,5211094.0,66180893807,1
43093,12700000001,12700000001,12700000001,12700000001,3318094.0,42139793803,1
43093,12700000001,12700000001,12700000001,12700000001,1760443.0,22357626102,1
43093,12700000002,123180,12700000002,123180,3565729.0,439422331667,0
43093,123180,123180,123180,123180,5167839.0,63657440802,0
43093,123180,123180,123180,123180,29522.0,363651996,0
43093,123170,123170,123170,123170,81.0,997677,0
43093,123160,123160,123160,123160,936024.0,11528071584,0
43093,121150,123160,123160,121150,15.0,1819692859,0
43093,121150,121150,121150,121150,3136386.0,3799731639,0
43093,12115000001,12115000001,12115000001,12115000001,81946.0,9927757901,1
43093,12115000001,12115000001,12115000001,12115000001,231834.0,280866891,1
43094,12115000001,12115000001,12115000001,12115000001,29054606.0,351996551719,1
43094,12115000001,12115000001,12115000001,12115000001,3241185.0,39266956278,1
43094,12115000001,12115000001,12115000001,12115000001,2646491.0,32062238468,1
43094,121150,121150,121150,121150,789409.0,9563690035,0
43094,12115000001,12115000001,12115000001,12115000001,3240417.0,39257651958,1
43094,12317999987,12317999987,12317999987,12317999987,2448535.0,30161054098,1
43094,12317999987,12317999987,12317999987,12317999987,37083.0,456788394,1
43094,123180,123180,123180,123180,846454.0,10426620372,0
43094,121010,121010,121010,121010,117.0,1415817,0
43094,12317999994,123180,123180,12317999994,13708521.0,168861561657,0
43094,12317999999,12317999999,12317999999,12317999999,3538577.0,43588191482,1
43094,123180,123180,123180,123180,19849418.0,244505130924,0
43094,12700000002,12700000002,12700000002,12700000002,1083391.0,13759065702,1
43094,129000,129000,129000,129000,158162.0,20402898,0
43094,129000,129000,129000,129000,25677.0,3312333,0
43094,129000,129000,129000,129000,45464.0,5864856,0
43094,125500,125500,125500,125500,2804516.0,351966758,0
43094,13787999998,13787999998,13787999998,13787999998,1529234.0,21085078389,1
43094,12101000005,12101000005,12101000005,12101000005,474231.0,5738669333,1
43094,12401000003,12401000003,12401000003,12401000003,1.0,12401000003,1
43094,12401000003,12401000003,12401000003,12401000003,46903983.0,581656293324,2
43094,13787999998,13787999998,13787999998,13787999998,812991.0,112095199064,1
43094,13787998894,13787998894,13787998894,13787998894,2448958.0,33766230195,1
43094,125000,125000,125000,125000,15.0,1875,0
43094,130000,130000,130000,130000,65.0,845,0
43094,130000,130000,130000,130000,76923.0,999999,0
43094,130000,130000,130000,130000,110173.0,1432249,0
43094,130000,130000,130000,130000,3338697.0,43403061,0
43094,13787998899,13787998899,13787998899,13787998899,179537.0,24754559583,1
43094,137000,137000,137000,137000,41203169.0,5644834153,0
43094,136750,136750,136750,136750,177008.0,24205844,0
43094,12000000085,12000000085,12000000085,12000000085,2014639.0,24175668171,1
43094,12001000003,12001000003,12001000003,12001000003,22877.0,274546877,1
43094,123000,123000,123000,123000,1.0,1230,0
43094,12010000006,12010000006,12010000006,12010000006,10217813.0,122715934191,1
43094,12010000006,12010000006,12010000006,12010000006,283927.0,3409963272,1
43094,134860,134860,134860,134860,6145555.0,8287895473,0
43094,134860,134860,134860,134860,747.0,10074042,0
43094,13483000009,13483000009,13483000009,13483000009,10183528.0,137304508116,1
43094,13482000005,13482000005,13482000005,13482000005,1473385.0,198641765773,1
43094,13200000001,13200000001,13200000001,13200000001,288.0,38016000003,1
43094,13200000001,13200000001,13200000001,13200000001,2348037.0,30994088402,1
43094,13200000004,137000,137000,13200000004,3658433.0,497257156032,0
43094,137000,137880,137880,137000,40075265.0,550905882924,2
43094,137880,137880,137880,137880,32926546.0,453991216248,2
43094,137880,137880,137880,137880,27357577.0,377206271676,0
43094,137880,137880,137880,137880,21453588.0,295802071344,0
43094,137880,137880,137880,137880,12171013.0,167813927244,0
43094,137880,137880,137880,137880,15940399.0,219786221412,0
43094,137880,137880,137880,137880,3330203.0,45916838964,0
43094,146880,146880,146880,146880,173128.0,2542904064,0
43094,145000,145010,145010,145000,37824977.0,548468688557,2
43094,13000000001,13000000001,130010,13000000001,51306.0,667022388,1
43094,13999999999,140000,140000,13999999999,1597397.0,22363557999,0
43094,1449899999,1449899999,1449899999,1449899999,1103528.0,16000052461,0
43094,13166992387,140000,140000,13166992387,1567169.0,2067636358,0
43094,13166992387,13166992387,13166992387,13166992387,6079.0,8004214672,1
43094,13166992387,13166992387,13166992387,13166992387,26657.0,350992516,1
43094,13166992387,13166992387,13166992387,13166992387,18465.0,243128514,1
43094,13166992387,13166992387,13166992387,13166992387,11645814.0,153340344278,1
43094,13166992387,13166992387,13166992387,13166992387,4324019.0,56934325255,1
43094,13166992387,13166992387,13166992387,13166992387,60167.0,792218431,1
43094,13900000001,139000,13900000001,139000,576.0,80064000003,0
43094,139000,13900000001,13900000001,139000,22054579.0,30655864811,0
43094,13900000002,139000,13900000002,139000,3327001.0,46245313905,0
43094,13166992388,13166992388,13166992388,13166992388,36306.0,478040826,1
43094,13250000003,13250000003,13250000003,13250000003,3590359.0,47572256761,1
43094,13251000007,134190,134190,13251000007,1.0,13302042101,0
43094,13251000007,13251000007,13251000007,13251000007,1.0,13251000007,1
43094,13251000007,13251000007,13251000007,13251000007,77185.0,10227784355,1
43094,13251000008,13251000008,13251000008,13251000008,232168.0,30764581698,1
43094,13251000008,13251000008,13251000008,13251000008,1.0,13251000008,1
43094,13251000008,13251000008,13251000008,13251000008,515983.0,6837290737,1
43094,13251000008,13251000008,13251000008,13251000008,24850337.0,329291815787,1
43094,13250000001,13250000001,13250000001,13250000001,1315592.0,17431594001,1
43094,13250000001,13250000001,13250000001,13250000001,16519.0,21887675,1
43094,13250000001,13250000001,13250000001,13250000001,1102969.0,1461433925,1
43094,13250000001,13250000001,13250000001,13250000001,169942.0,22517315,1
43094,13260000005,13260000005,13260000005,13260000005,201002.0,2665286521,1
43094,13260000005,13260000005,13260000005,13260000005,1182029.0,15673704546,1
43094,144980,144980,144980,144980,2237063.0,32432939374,0
43094,13260000005,13260000005,13260000005,13260000005,38366.0,50873316,1
43094,13260000005,13260000005,13260000005,13260000005,5.0,6630000002,1
43094,13260000005,13260000005,13260000005,13260000005,282.0,3739320001,1
43094,13260000005,13260000005,13260000005,13260000005,140826.0,186735276,1
43094,13260000005,13260000005,13260000005,13260000005,268246.0,3556941961,1
43094,13260000005,13260000005,13260000005,13260000005,512487.0,6795577623,1
43094,13260000007,13260000007,13260000007,13260000007,1.0,13260000007,1
43094,13260000007,13260000007,13260000007,13260000007,1.0,13260000007,1
43094,13260000007,13260000007,13260000007,13260000007,52005.0,68958630034,1
43094,13260000007,13260000007,13260000007,13260000007,7699.0,10208874005,1
43094,144835,144835,144835,144835,3270677.0,47370850329,0
43094,13260415554,13260415554,13260415554,13260415554,1178382.0,15625835001,1
43094,13260415554,13260415554,13260415554,13260415554,30772.0,40804950744,1
43094,13260415554,13260415554,13260415554,13260415554,34583.0,45858495111,1
43094,14483499999,146880,146880,14483499999,6.0,8806373698,0
43094,13260000006,13260000006,13260000006,13260000006,77077.0,102204102,1
43094,13260000006,13260000006,13260000006,13260000006,264125.0,3502297502,1
43094,13500000001,13500000001,13500000001,13500000001,597842.0,8070867001,1
43094,13500000001,13500000001,13500000001,13500000001,2289184.0,30903984002,1
43094,13500000001,13500000001,13500000001,13500000001,1017612.0,13737762001,1
43094,13500000001,13500000002,13500000002,13500000001,1243494.0,16787169002,1
43094,13500000002,13500000003,13500000003,13500000002,1094025.0,14769337503,1
43094,13500000001,13500000001,13500000001,13500000001,261804.0,3534354,1
43094,13500000001,13500000001,13500000001,13500000001,1.0,13500000001,1
43094,13500000001,13500000002,13500000002,13500000001,23440272.0,316443672024,1
43094,13260000001,13260000001,13260000001,13260000001,1537175.0,20382940502,1
43094,14687999999,14687999999,14687999999,14687999999,45893.0,674076384,1
43094,14687999999,14687999999,14687999999,14687999999,34442.0,505884096,1
43094,14687999998,14687999998,14687999998,14687999998,330959.0,4861125791,1
43094,14687999998,14687999998,14687999998,14687999998,105538.0,15501421438,1
43094,14514999999,146580,146580,14514999999,2180773.0,31725150397,0
43094,13260000003,13260000003,13260000003,13260000003,4349363.0,57672553393,1
43094,13260000003,13260000003,13260000003,13260000003,144978.0,192240828,1
43094,133000,133000,133000,133000,2451346.0,326029018,0
43094,134000,134000,134000,134000,585651.0,78477234,0
43094,1389999999,1389999999,1389999999,1389999999,556927.0,7741285294,0
43095,13350000003,133550,133550,13350000003,1658144.0,22138722404,0
43095,13350000003,13350000003,13350000003,13350000003,626219.0,8360023652,1
43095,13350000005,13350000005,13350000005,13350000005,7681.0,10254135,1
43095,13350000006,13350000006,13350000006,13350000006,21746.0,29030910013,1
43095,13350000006,13350000006,13350000006,13350000006,54366.0,7257861004,1
43095,13350000006,13350000006,13350000006,13350000006,2197936.0,29342445613,1
43095,13350000006,13350000006,13350000006,13350000006,206941.0,2762662351,1
43095,13351000006,13351000006,13351000006,13351000006,42193.0,563318743,1
43095,13350000006,13350000006,13350000006,13350000006,1346042.0,17969660708,1
43095,13899999989,13899999989,13899999989,13899999989,119957.0,1667402299,1
43095,13799999988,13799999989,13799999989,13799999988,60151624.0,830092410509,2
43095,1389999999,1423626707,14236267071,1389999999,20963346.0,298312710785,0
43095,13999999999,13999999999,13999999999,13999999999,1096921.0,15356893999,1
43095,13260000003,13260000003,13260000003,13260000003,6129.0,8127054,1
43095,135990,140000,140000,135990,118079.0,1649096,0
43095,144990,14657999999,14657999999,144990,2997152.0,43922714013,0
43095,13599000002,14657999999,14657999999,13599000002,35105.0,507553215,1
43095,146580,14685999999,14685999999,146580,187.0,274623966045,1
43095,146860,14340305243,149940,14340305242,72240015.0,1073578900889,2
43095,14340305243,14340305243,14340305243,14340305243,11534029.0,165401496542,1
43095,14340305243,14340305243,14340305243,14340305243,1177498.0,16885680743,1
43095,14340305243,14340305243,14340305243,14340305243,3122053.0,44771193006,1
43095,14340305243,14340305243,14340305243,14340305243,5664626.0,81232465928,1
43095,14340305243,14050391211,14340305243,14050391211,1495295.0,21250635146,1
43095,14050391211,14340305243,14340305243,14050391211,12311566.0,173016999396,1
43095,14340305243,14340305243,14340305243,14340305243,740359.0,10616974049,1
43095,14340305243,14340305243,14340305243,14340305243,11259791.0,161468839912,1
43095,14340305243,14340305243,14340305243,14340305243,3979711.0,57070270519,1
43095,14340305243,14340305243,14340305243,14340305243,1874885.0,26886423195,1
43095,14340305243,14340305243,14340305243,14340305243,4450097.0,6381574934,1
43095,14340305243,14050391211,14340305243,14050391211,5034101.0,72118643674,1
43095,136000,136000,136000,136000,407404.0,55406944,0
43095,141000,141000,141000,141000,1040389.0,146694849,0
43095,13600000009,13599000001,13600000009,13599000001,9075528.0,123419513769,1
43095,13599000001,13599000001,13599000001,13599000001,2168334.0,29487174068,1
43095,13599000001,13599000001,13599000001,13599000001,3324383.0,4520828442,1
43095,13261000001,13261000001,13261000001,13261000001,560946.0,7438704907,1
43095,13260000001,132500,13261000001,132500,3522691.0,46697205932,0
43095,132500,132500,132500,132500,46477.0,61582025,0
43095,132500,132500,132500,132500,1322517.0,1752335025,0
43095,132500,132500,132500,132500,765092.0,10137469,0
43095,132500,132500,132500,132500,2509.0,3324425,0
43095,132500,132500,132500,132500,1846352.0,24464164,0
43095,132500,132500,132500,132500,1152.0,15264,0
43095,132500,13249999999,132500,13249999999,6641686.0,88002339497,0
43095,132500,132500,132500,132500,11628037.0,15407149025,0
43095,132500,132500,132500,132500,3506826.0,464654445,0
43095,132500,132500,132500,132500,80396.0,1065247,0
43095,14199999998,14199999998,14199999998,14199999998,239898.0,34065516,1
43095,13251000001,13251000001,13251000001,13251000001,387093.0,5129369343,1
43095,13251000003,13251000005,13251000005,13251000003,387146.0,5130071647,1
43095,13999999999,13999999999,13999999999,13999999999,35.0,490,1
43095,132500,132500,132500,132500,10800044.0,143100583,0
43095,132500,132500,132500,132500,2743401.0,3635006325,0
43095,13249999997,13249999998,13249999998,13249999997,49035249.0,649717049123,2
43095,132500,132500,132500,132500,317926.0,42125195,0
43095,132500,132500,132500,132500,10934315.0,14487967375,0
43095,132500,132500,132500,132500,242689.0,321562925,0
43095,132500,132500,132500,132500,1825145.0,2418317125,0
43095,138000,138000,138000,138000,27389386.0,3779735268,0
43095,138000,138000,138000,138000,1298614.0,179208732,0
43095,137000,137000,137000,137000,28688.0,3930256,0
43095,13249999999,13249999999,13249999999,13249999999,477522.0,63271665,1
43095,132500,132500,132500,132500,122088.0,1617666,0
43095,137000,137000,137000,137000,14344.0,1965128,0
43095,135000,135000,135000,135000,889947.0,120142845,0
43095,135000,135000,135000,135000,288.0,3888,0
43095,135000,135000,135000,135000,288.0,3888,0
43095,135000,137000,137000,135000,1948482.0,263280988,0
43095,135000,135000,135000,135000,45373525.0,6125425875,0
43095,13699999999,13699999999,13699999999,13699999999,16797977.0,230132284883,1
43095,13699999999,13699999999,13699999999,13699999999,131419.0,18004402999,1
43095,13699999998,13400000001,13699999998,13400000001,5454102.0,73768097398,1
43095,13400000002,13400000002,13400000002,13400000002,78298.0,10491932,1
43095,13400000002,13400000002,13400000002,13400000002,505105.0,6768407001,1
43095,137000,137000,137000,137000,2061.0,282357,0
43095,13699999999,13699999999,13699999999,13699999999,3649635.0,49999999496,1
43095,13699999997,13699999997,13699999997,13699999997,3697792.0,50659750389,1
43095,13699999997,13699999997,13699999997,13699999997,54509.0,7467733,1
43095,13699999996,13699999996,13699999996,13699999996,1910794.0,26177877792,1
43095,133780,13377999997,133780,13377999997,6094606.0,81533639065,0
43095,13377999997,13377999997,13377999997,13377999997,4157322.0,55616653704,1
43095,13377999997,13377999997,13377999997,13377999997,57999.0,775910622,1
43095,13641713016,13641713016,13641713016,13641713016,130349.0,17781836499,1
43095,13641713016,13641713016,13641713016,13641713016,1391734.0,18985635823,1
43095,13641713016,13641713016,13641713016,13641713016,7063352.0,96356220917,1
43095,137000,137000,137000,137000,5604668.0,767839516,0
43095,137000,13699999999,137000,13699999999,1173163.0,160723331,0
43095,137000,137000,137000,137000,28688.0,3930256,0
43095,13699999999,13699999999,13699999999,13699999999,104715.0,14345955,1
43095,137000,137000,137000,137000,28814435.0,3947577595,0
43095,137000,137000,137000,137000,1328844.0,182051628,0
43095,137000,137000,137000,137000,36386861.0,4984999957,0
43095,137000,137000,137000,137000,8886.0,1217382,0
43095,137000,137000,137000,137000,1012.0,138644,0
43095,13699999998,13699999998,13699999998,13699999998,7189781.0,98499999686,1
43095,13250000001,13249999997,13250000001,13249999997,17312886.0,229395739461,1
43095,13300000001,13300000001,13300000001,13300000001,1.0,13300000001,1
43095,133000,133000,133000,133000,228088.0,30335704,0
43095,131000,131000,133000,131000,30269912.0,396810229629,0
43095,130010,130010,130010,130010,7227027.0,93958578027,0
43095,130000,130000,130000,130000,1.0,1300,0
43095,130000,130000,130000,130000,704.0,9152,0
43095,13299999993,13299999993,13299999993,13299999993,315789.0,4199993698,1
43095,130000,130000,130000,130000,423498.0,5505474,0
43095,130500,130500,130500,130500,2.0,26100,0
43095,13060999981,13060999981,13060999981,13060999981,28688.0,374693967455,1
43095,131000,131000,131000,131000,6.0,7860,0
43095,131000,131000,131000,131000,5206106.0,681999886,0
43095,131000,131000,131000,131000,576838.0,75565778,0
43095,13299999998,13299999998,13299999998,13299999998,8e-05,1064,1
43095,13299999998,13299999998,13299999998,13299999998,15.0,19949999997,1
43095,13299999997,13299999997,13299999997,13299999997,15.0,199499999955,1
43095,133000,133000,133000,133000,8e-05,1064,0
43095,130110,130110,130110,130110,594619.0,7736587809,0
43095,130110,130110,130110,130110,595152.0,7743522672,0
43095,13299999998,13299999998,13299999998,13298999995,904206.0,1202532493977,2
43095,13299999998,13299999998,13299999998,13299999998,230924.0,30712891995,1
43095,1329999999,1329999999,1329999999,1329999999,49996.0,6649468,0
43095,1329999999,1329999999,1329999999,1329999999,363414.0,48334061964,0
43095,131500,131510,131510,131500,28688.0,3772522,0
43095,131750,131750,131750,131750,12.0,15810,0
43095,131750,131750,131750,131750,16688.0,2198644,0
43095,131750,131750,131750,131750,5955568.0,784646084,0
43095,131000,131500,131500,131000,1301502.0,170562362,0
43095,131990,131990,131990,131990,2564551.0,33849508649,0
43095,13198999998,13198999998,13198999998,13198999998,28688.0,378652911943,1
43095,13299999996,13299999996,13299999996,13299999996,1661178.0,22093667393,1
43095,13657294102,13657294102,13657294102,13657294102,4837752.0,66070601857,1
43095,136572941,13657294109,13657294109,136572941,55221557.0,754177044833,2
43095,138000,138000,138000,138000,1691882.0,233479716,0
43095,138000,138000,138000,138000,1588038.0,219149244,0
43095,138000,138000,138000,138000,53399.0,7369062,0
43095,138000,138000,138000,138000,494285.0,6821133,0
43095,138000,138000,138000,138000,2038003.0,281244414,0
43095,138000,138000,138000,138000,1501623.0,207223974,0
43095,138000,138000,138000,138000,1480441.0,204300858,0
43095,13199000006,13199000006,13199000006,13199000006,6032.0,79616368,1
43095,13200000002,13200000002,13200000002,13200000002,11239.0,1483548,1
43095,13999999997,13999999997,13999999997,13999999997,5681.0,79534,1
43095,13201000002,13201000002,13201000002,13201000002,24285.0,320586285,1
43095,13999999994,13999999994,13999999994,13999999994,2887841.0,40429773984,1
43095,13999999994,13999999994,13999999994,13999999994,5463172.0,76484407969,1
43095,13999999994,140000,140000,13999999994,4479503.0,62713041988,0
43095,140000,140000,140000,140000,28480216.0,398723024,0
43095,13700000001,13700000001,13700000001,13700000001,5566284.0,76258090805,1
43095,145000,145000,145000,145000,68965.0,9999925,0
43095,144990,144990,144990,144990,16705.0,242205795,0
43095,144990,144990,144990,144990,683295.0,9907094205,0
43095,145000,145000,145000,145000,531035.0,77000075,0
43095,145000,145000,145000,145000,2227905.0,323046225,0
43095,145000,145000,145000,145000,141194.0,2047313,0
43095,145000,145400,145400,145000,3755198.0,5459775504,0
43095,145500,145500,145500,145500,911088.0,132563304,0
43095,145500,145500,145500,145500,4047694.0,588939477,0
43095,145500,145500,145500,145500,1600471.0,2328685305,0
43095,145500,145500,145500,145500,1728639.0,2515169745,0
43095,145500,145500,145500,145500,1344497.0,1956243135,0
43095,145500,145500,145500,145500,12991488.0,1890261504,0
43095,145000,145500,145500,145000,85347.0,1240427,0
43095,145500,145500,145500,145500,14477.0,21064035,0
43095,148570,148570,148570,148570,178323.0,2649344811,0
43095,148580,148580,148580,148580,28688.0,426246304,0
43095,149340,149340,149340,149340,388549.0,5802590766,0
43095,149340,149340,149340,149340,2813329.0,42014255286,0
43095,149300,149340,149340,149300,1191976.0,17800911732,0
43095,149340,153780,153780,149340,215563.0,32289532796,0
43095,153780,153780,153780,153780,6754337.0,103868194386,0
43095,153780,153780,153780,153780,75148.0,1155625944,0
43095,14600000007,14600000007,14600000007,14600000007,870414.0,127080444061,1
43095,14600000015,14600000015,14600000015,14600000015,6195046.0,90447671693,1
43095,14650000028,14650000028,14650000028,14650000028,61089.0,894953852,1
43095,14650000031,1465000003,14650000031,1465000003,1304254.0,1910732114,1
43095,14650000029,14650000031,14650000031,14650000029,2584086.0,37856859977,1
43095,14651000032,14651000032,14651000032,14651000032,114557.0,16783746107,1
43095,14651000041,1465100004,14651000041,1465100004,897386.0,13147602322,1
43095,14651000038,14651000038,14651000038,14651000038,1495798.0,21914936555,1
43095,1465100004,1465100004,1465100004,1465100004,41125.0,6025223766,0
43095,1465100004,1465100004,1465100004,1465100004,34634.0,507422735,0
43095,15496999999,15496999999,15496999999,15496999999,1002274.0,15532240177,1
43095,14651000041,14651000031,14651000041,14651000031,13863462.0,203113582262,1
43095,14651000031,14651000031,14651000031,14651000031,11291183.0,165427122483,1
43095,145000,145000,145000,145000,59.0,8555,0
43095,15449998996,15449998996,15449998996,15449998996,16554659.0,255769464929,1
43095,145000,145000,145000,145000,1470398.0,21320771,0
43095,145000,145000,145000,145000,184708.0,2678266,0
43095,15434548996,15434548996,15434548996,15434548996,1553335.0,23975025165,1
43095,145000,145000,145000,145000,339524.0,4923098,0
43095,15434548995,15434548995,15434548995,15434548995,4161436.0,64229887832,1
43095,15434548995,15434548995,15434548995,15434548995,318647.0,4918172734,1
43095,15434548995,15434548995,15434548995,15434548995,5889968.0,90908999675,1
43095,14000198398,14000198398,14000198398,14000198398,309.0,43260613,1
43095,14000198398,14000198398,14000198398,14000198398,1.0,140001984,1
43095,145000,145000,145000,145000,6188806.0,89737687,0
43095,145000,145000,145000,145000,6209673.0,900402585,0
43095,145000,145000,145000,145000,5443428.0,78929706,0
43095,145000,145000,145000,145000,3628956.0,52619862,0
43095,145000,145000,145000,145000,5141003.0,745445435,0
43095,145000,145000,145000,145000,1814472.0,26309844,0
43095,15100548987,15100548987,15100548987,15100548987,6903.0,1042390897,1
43095,140001985,140001985,140001985,140001985,5884078.0,82378259993,0
43095,140010,140010,140010,140010,57.0,798057,0
43095,140010,140010,140010,140010,1850241.0,25905224241,0
43095,15434548858,15434548858,15434548858,15434548858,15.0,23151823287,1
43095,15434548858,15434548858,15434548858,15434548858,2517469.0,38855998279,1
43095,15434548858,15434548858,15434548858,15434548858,534303.0,8246725758,1
43095,140010,14000198398,14001000001,14000198398,7765167.0,108715663634,1
43095,14000198398,14000198398,14000198398,14000198398,4997837.0,69970709562,1
43095,14000198398,14000198398,14000198398,14000198398,1445189.0,20232932722,1
43095,14000198398,14000198398,14000198398,14000198398,3052808.0,4273991767,1
43095,15434548859,15434548859,15434548859,15434548859,65401.0,100943493,1
43096,154000,15434548848,15434548848,154000,5050956.0,77954530161,1
43096,15434548848,15434548848,15434548848,15434548848,13522873.0,208719443883,1
43096,15434548848,15434548848,15434548848,15434548848,541751.0,83616822728,1
43096,1543454885,1543454885,1543454885,1543454885,6336579.0,97802238117,0
43096,1543454886,1543454886,1543454886,1543454886,288154.0,4447526992,0
43096,153500,153500,153500,153500,3616081.0,5550684335,0
43096,153500,153500,153500,153500,224652.0,34484082,0
43096,1464449375,153500,153500,1464449375,34024.0,515111745,0
43096,147510,147510,147510,147510,6.0,88506,0
43096,14750000002,14750000002,14750000002,14750000002,13887952.0,204847292027,1
43096,14750000002,14750000002,14750000002,14750000002,232268.0,3425953,1
43096,148000,14755000002,148000,14755000001,2061795.0,30451008002,0
43096,14755000003,14755000003,14755000003,14755000003,56496.0,83359848016,1
43096,14755000003,14755000003,14755000003,14755000003,7062.0,10419981002,1
43096,14755000003,14755000003,14755000003,14755000003,64567.0,9526860852,1
43096,14755000003,14755000003,14755000003,14755000003,10859.0,16022454503,1
43096,148000,148000,148000,148000,56805.0,840714,0
43096,15399999994,15399999994,15399999994,15399999994,28688.0,441795199828,1
43096,15399999994,15399999994,15399999994,15399999994,104563.0,1610270199,1
43096,15399999995,15399999995,15399999995,15399999995,2394714.0,36878595588,1
43096,15399999994,15399999994,15399999994,15399999994,832445.0,12819652995,1
43096,15399999994,15399999994,15399999994,15399999994,19561.0,3012394,1
43096,15399999994,15399999995,15399999995,15399999994,11965265.0,184265080938,1
43096,153999995,154970,154970,153999995,35291771.0,546830209919,2
43096,154970,154970,154970,154970,20544.0,318370368,0
43096,154970,14800100008,154970,14800100008,3623137.0,5411282005,0
43096,14800100009,14800100008,14800100009,14800100008,1353388.0,2003027775,1
43096,15496999999,15496999999,15496999999,15496999999,597194.0,9254715417,1
43096,15496999999,16200000031,16200000031,15496999999,100617.0,1561118017,1
43096,16200000031,16200000031,16200000031,16200000031,147879.0,23956398046,1
43096,15000000011,16200000031,16200000031,15000000011,5.0,7642446008,1
43096,1643454886,1643454886,1643454886,1643454886,5007492.0,8229587194,0
43096,15000000013,15000000013,15000000013,15000000013,19826539.0,297398085258,1
43096,164000,164000,164000,164000,5.0,820,0
43096,164000,164000,164000,164000,45816955.0,751398062,0
43096,164000,164000,164000,164000,3563589.0,584428596,0
43096,15000000011,15000000011,150010,15000000011,501104.0,75166146049,1
43096,15000000011,15000000011,15000000011,15000000011,2975981.0,44639715033,1
43096,15000000011,15000000011,15000000011,15000000011,18146.0,2721900002,1
43096,15000000011,15000000011,15000000011,15000000011,36292.0,5443800004,1
43096,150010,150010,150010,150010,4.0,60004,0
43096,15000000011,1500000001,158000,1500000001,29461473.0,464872495009,2
43096,1500000001,15001000001,15001000001,15000000001,7074068.0,106113032012,1
43096,15001000001,15001000001,15001000001,15001000001,606.0,9090606001,1
43096,15001000003,14819246463,15001000003,14819246463,8968019.0,132925612481,1
43096,15001000003,15001000004,15001000004,15001000003,85887.0,12883908875,1
43096,15001000004,15001000004,15001000004,15001000004,3126089.0,46894461108,1
43096,15001000004,15001000004,15001000004,15001000004,1287802.0,19318317809,1
43096,15001000004,15001000004,15001000004,15001000004,3004.0,4506300401,1
43096,14800100018,14800100018,14800100018,14800100018,221296.0,3275202934,1
43096,14800100018,14800100018,14800100018,14800100018,1933961.0,28622816231,1
43096,14755000003,14755000003,14755000003,14755000003,40627.0,5994513851,1
43096,14800100018,14800100018,14800100018,14800100018,49637.0,734632565,1
43096,16399999999,16399999999,16399999999,16399999999,1.0,164,1
43096,148990,148990,148990,148990,1517601.0,22610737299,0
43096,148990,148990,148990,148990,6.0,89394,0
43096,148990,148990,148990,148990,82399.0,1227662701,0
43096,148990,148990,148990,148990,1930662.0,28764933138,0
43096,158990,158990,158990,158990,657211.0,10448997689,0
43096,158990,158990,158990,158990,284998.0,4531183202,0
43096,157000,157000,157000,157000,537939.0,84456423,0
43096,157000,157000,157000,157000,602505.0,94593285,0
43096,14755000004,14755000004,14755000004,14755000004,377767.0,5573952086,1
43096,14755000004,14755000004,14755000004,14755000004,15742.0,23227321,1
43096,14755000004,14755000004,14755000004,14755000004,1416085.0,20894334181,1
43096,14755000004,14755000004,14755000004,14755000004,1128096.0,16645056485,1
43096,14755000004,14755000004,14755000004,14755000004,2762954.0,40767386282,1
43096,14755000004,14755000004,14755000004,14755000004,10387459.0,153266957586,1
43096,14755000005,14755000005,14755000005,14755000005,2197215.0,32419907335,1
43096,14755000005,14755000005,14755000005,14755000005,329315.0,4859042826,1
43096,14755000005,14755000005,14755000005,14755000005,504521.0,7444207357,1
43096,14755000005,14755000005,14755000005,14755000005,175055.0,25829365259,1
43096,14755000005,14755000005,14755000005,14755000005,103814.0,1531775571,1
43096,14755000005,14755000005,14755000005,14755000005,51449.0,759129995,1
43096,14755000003,14755000003,14755000003,14755000003,19.0,28034500006,1
43096,15699999999,15699999999,15699999999,15699999999,1178344.0,18500000799,1
43096,15699999999,15699999999,15699999999,15699999999,85138.0,13366666,1
43096,14464363296,14755000003,14755000003,14464363296,7257308.0,104973423538,1
43096,14399999999,14399999999,14399999999,14399999999,103189.0,14859216,1
43096,144000,144000,144000,144000,401275.0,577836,0
43096,144000,144000,144000,144000,11591988.0,1669246272,0
43096,144000,144000,144000,144000,3322846.0,478489824,0
43096,144000,145000,145000,144000,10390473.0,1498825731,0
43096,14500000001,145000,14500000001,145000,13816013.0,20033218851,0
43096,145000,145000,145000,144000,11365457.0,1639933627,0
43096,144000,144000,144000,144000,1095221.0,157711824,0
43096,144000,144000,144000,144000,4145523.0,596955312,0
43096,144000,144000,144000,144000,46278.0,6664032,0
43096,144000,144000,144000,144000,288508.0,41545152,0
43096,144000,144000,15449994993,144000,19559787.0,292432729585,0
43096,144000,144000,144000,144000,72127.0,10386288,0
43096,144000,144000,144000,144000,6032506.0,868680864,0
43096,144000,144000,144000,144000,18098688.0,2606211072,0
43096,144000,144000,144000,144000,12786872.0,1841309568,0
43096,144000,144000,144000,144000,2387934.0,343862496,0
43096,14405000001,14405000001,14405000001,14405000001,21261.0,306264705,1
43096,15449994985,15449994985,15449994985,15449994985,481236.0,7435093787,1
43096,15449994983,15449994983,15449994983,15449994983,1002551.0,1548940792,1
43096,15404999998,15404999998,15404999998,15404999998,226971.0,3496488255,1
43096,15404999978,15404999978,15404999978,15404999978,11589266.0,178532642475,1
43096,154040,154040,154040,154040,16482309.0,253893487836,0
43096,15403999995,15403999995,15403999995,15403999995,2169276.0,33415527493,1
43096,15403999984,15403999984,15403999984,15403999984,9712528.0,149611781157,1
43096,15403999991,15403999993,15403999993,15403999991,4003028.0,61662643277,1
43096,15449994993,15699999998,15699999998,15449994993,29442049.0,462051653217,1
43096,157000,157000,157000,157000,2812433.0,441551981,0
43096,15835027345,15835027345,15835027345,15835027345,31543.0,499484268,1
43096,15835027343,15835027343,15835027343,15835027343,2386.0,3778237524,1
43096,15835027343,15835027343,15835027343,15835027343,472686.0,7484995735,1
43096,15835027343,15835027343,15835027343,15835027343,579297.0,9173183835,1
43096,15835027343,15835027343,15835027343,15835027343,579297.0,9173183835,1
43096,15835027343,15835027343,15835027343,15835027343,100799.0,15961549211,1
43096,15835027343,15835027343,15835027343,15835027343,472686.0,7484995735,1
43096,15835027342,15835027342,15835027342,15835027342,100799.0,1596154921,1
43096,15835027342,15835027342,15835027342,15835027342,101421.0,16060043081,1
43096,15835027342,15835027342,15835027342,15835027342,897552.0,14212760461,1
43096,15835027342,15835027342,15835027342,15835027342,999448.0,15826286407,1
43096,15835027342,15835027342,15835027342,15835027342,2529382.0,40052833129,1
43096,15835027341,15835027341,15835027341,15835027341,10473546.0,165848887263,1
43096,15835027341,15835027341,15835027341,15835027341,596313.0,9442632659,1
43096,15835027341,15835027341,15835027341,15835027341,6496222.0,102867852985,1
43096,15835027341,15835027341,15835027341,15835027341,3647287.0,57754889366,1
43096,15897999998,15897999998,15897999998,15897999998,12265693.0,194999987289,1
43096,15897999998,15897999998,15897999998,15897999998,138187.0,2196896926,1
43096,15897999998,158990,158990,15897999998,17349279.0,275819402667,1
43096,15897999998,15897999998,15897999998,15897999998,78876.0,125397064784,1
43096,15897999999,15897999999,15897999999,15897999998,4237386.0,67365962624,1
43096,15897999999,15897999999,15897999999,15897999999,1125578.0,17894439043,1
43096,158990,15897999998,159990,15897999998,5641012.0,899837216211,2
43096,160000,160000,160000,160000,967.0,15472,0
43096,16299999999,163000,163000,16299999999,3.0,488999999971,1
43096,15898000001,15898000001,15898000001,15898000001,3401576.0,54078255251,1
43096,163000,163000,163000,163000,2471212.0,402807556,0
43096,160990,160990,160990,160990,486356.0,7829845244,0
43096,160990,160990,160990,160990,486356.0,7829845244,0
43096,16099000001,16099000001,16099000001,16099000001,199784.0,3216322616,1
43096,16299999999,16299999999,16299999999,16299999999,25019071.0,407810857275,1
43096,163000,163000,163000,163000,6244657.0,1017879091,0
43096,163000,163000,163000,163000,1045.0,170335,0
43096,160990,160990,160990,160990,6239444.0,100448808956,0
43096,160990,160990,160990,160990,488833.0,7869722467,0
43096,160990,160990,160990,160990,2815908.0,45333302892,0
43096,160990,160990,160990,160990,2530945.0,40745683555,0
43096,160990,160990,160990,160990,12329958.0,198499993842,0
43096,16299999999,16299999999,16299999999,16299999999,184228.0,30029163998,1
43096,160000,160000,160000,160000,4687.0,74992,0
43096,15100000031,15100000031,15100000031,15100000031,45948.0,6938148014,1
43096,16299999999,16299999999,16299999999,16299999999,51879.0,8456277,1
43096,15100000046,15100000046,15100000046,15100000046,8309519.0,125473737282,1
43096,15100000053,157000,157000,15100000053,14428961.0,226127203736,1
43096,157000,157000,157000,157000,6635308.0,1041743356,0
43096,16299999998,16299999998,16299999998,16299999998,1.0,16299999998,1
43096,16299999998,16299999998,16299999998,16299999998,6042945.0,98500003488,1
43096,15100000061,15100000061,15100000061,15100000061,39239956.0,592523337994,2
43096,15200000066,15200000066,15200000066,15200000066,9092691.0,1382089038,1
43096,15201000071,15200000066,15201000071,15200000066,27112089.0,412107235046,1
43096,15200000066,15500421866,15500421866,15200000066,6793981.0,103869355248,1
43096,15500421863,15500421863,15500421863,15500421863,14585524.0,226081775093,1
43096,15500421856,15500421856,15500421856,15500421856,15.0,23250632784,1
43096,15500421856,15500421856,15500421856,15500421856,1399.0,2168509,1
43096,15500421855,15500421855,15500421855,15500421855,967874.0,15002455302,1
43096,15500421855,15500421855,15500421855,15500421855,2032819.0,31509552055,1
43096,15500421854,15500421855,15500421855,15500421854,402524.0,62392918064,1
43096,15500421865,15500421865,15500421865,15500421865,183.0,28365772,1
43096,1510000001,1510000001,1510000001,1510000001,2676845.0,40420359527,0
43096,15399999998,15399999998,15399999998,15399999998,243817.0,37547818,1
43096,154000,154000,154000,154000,2443223.0,376256342,0
43096,15399999998,15399999998,15399999998,15399999998,32173.0,4954642,1
43096,15399999998,15399999998,15399999998,15399999998,9037218.0,139173157183,1
43096,15399999998,154000,154000,15399999998,11930707.0,183732887798,1
43096,154000,154000,154000,154000,3e-05,462,0
43096,154000,154000,154000,154000,860611.0,132534094,0
43096,15399999998,15399999998,154000,15399999998,1492549.0,22985254597,1
43097,15399999998,15101000031,15399999998,15101000031,11196498.0,172262425302,1
43097,15399999998,15399999998,15399999998,15399999998,12037699.0,185380564577,1
43097,15399999998,15399999998,15399999998,15399999998,64934.0,9999835999,1
43097,15990000007,15990000007,15990000007,15990000007,48058.0,76844742,1
43097,15990000007,15990000007,15990000007,15990000007,10026.0,1603157401,1
43097,15990000007,15990000007,15990000007,15990000007,27343.0,43721457,1
43097,159300,159300,159300,159300,1.0,1593,0
43097,159300,159300,159300,159300,145974.0,232536582,0
43097,15929999999,15929999999,15929999999,15929999999,706447.0,11253700709,1
43097,156000,156000,156000,156000,11483773.0,1791468588,0
43097,156000,156000,156000,156000,872957.0,136181292,0
43097,156000,156000,156000,156000,34570513.0,5393000028,0
43097,152992,152992,152992,152992,26777403.0,409672843978,0
43097,15929999999,15929999999,15929999999,15929999999,1777724.0,28319143318,1
43097,15929999999,15929999999,15929999999,15929999999,9054.0,14423022,1
43097,159220,159220,159220,159220,1.0,15922,0
43097,15990000008,15990000008,15990000008,15990000008,843757.0,13491674437,1
43097,15880000004,15880000004,15880000004,15880000004,3340987.0,53054873573,1
43097,15864120004,15864120004,15864120004,15864120004,1728.0,274131993672,1
43097,15864120004,157000,15864120004,157000,18777608.0,295753776824,1
43097,15960000004,15960000004,15960000004,15960000004,4776357.0,76230657739,1
43097,15960000004,15960000004,15960000004,15960000004,269634.0,43033586411,1
43097,15960000004,15960000004,15960000004,15960000004,1778697.0,28388004127,1
43097,159800,159800,159800,159800,2975658.0,4755101484,0
43097,15990000008,15990000008,15990000008,15990000008,4356243.0,69656325605,1
43097,158000,158000,158000,158000,1588304.0,250952032,0
43097,15800000002,15800000002,15800000002,15800000002,510707.0,8069170601,1
43097,162000,162000,162000,162000,34528.0,5593536,0
43097,162000,162000,162000,162000,1.0,1620,0
43097,162000,162000,162000,162000,1878863.0,304375806,0
43097,162000,162000,162000,162000,849702.0,137651724,0
43097,162000,162000,162000,162000,1287.0,208494,0
43097,162000,162000,162000,162000,2743066.0,444376692,0
43097,161838,161838,161838,161838,2772582.0,44870912572,0
43097,15620050012,161838,161838,15620050012,89077.0,14271526217,1
43097,15620050014,15620050014,15620050014,15620050014,49788.0,77769105,1
43097,15620050014,15620050014,15620050014,15620050014,1287.0,2010300437,1
43097,15620050015,15620050015,15620050015,15620050015,2106604.0,32905259842,1
43097,15620050017,15620050017,15620050017,15620050017,3979123.0,62154100284,1
43097,15620050017,15620050017,15620050017,15620050017,3025805.0,47263225442,1
43097,15620050017,15620050017,15620050017,15620050017,2776203.0,43364429718,1
43097,15620050019,15620050019,15620050019,15620050019,288.0,44985744055,1
43097,15620050021,15620050022,15620050022,15620050021,1325094.0,20698034562,1
43097,15620050021,15620050021,15620050021,15620050021,530803.0,8291169411,1
43097,15620050023,15620050023,15620050023,15620050023,2821058.0,44065067078,1
43097,15620050027,15620050028,15620050028,15620050027,1695049.0,26476750179,1
43097,15620050027,15620050027,15620050027,15620050027,9868886.0,154152493031,1
43097,15620050027,15620050027,15620050027,15620050027,12627732.0,197245805567,1
43097,15620050028,15620050028,15620050028,15620050028,823891.0,12869218638,1
43097,15620050028,15620050028,15620050028,15620050028,2371122.0,37037044262,1
43097,15620050028,15620050028,15620050028,15620050028,5960648.0,93105619959,1
43097,1562005003,1562005003,1562005003,1562005003,4763829.0,74411247315,0
43097,15620050032,15620050032,15620050032,15620050032,824951.0,12885775894,1
43097,15620050033,15620050033,15620050033,15620050033,7814411.0,122061490798,1
43097,15620050031,15620050029,15620050031,15620050029,5579567.0,87153115686,1
43097,15620050033,15620050028,15620050033,15620050028,1198792.0,18725191017,1
43097,15100000002,15100000002,15100000002,15100000002,1658161.0,25038231103,1
43097,15101000001,15101000001,15101000001,15101000001,288.0,43490880003,1
43097,15101020001,15101020001,15101020001,15101020001,748413.0,11301799682,1
43097,15201020002,15301020003,15301020003,15201020002,6121085.0,93632033025,1
43097,15301100001,16090000003,16090000003,15301100001,2142643.0,33293422308,1
43097,16090000003,15301100001,16090000003,15301100001,615334.0,95407574322,1
43097,15301100001,15301100001,15301100001,15301100001,772571.0,11821186129,1
43097,15301100001,15301100001,15301100001,15301100001,4345063.0,66484243474,1
43097,15301100001,15301100001,15301100001,15301100001,2022227.0,30942297552,1
43097,15301100001,15301100001,15301100001,15301100001,419464.0,64182606109,1
43097,15301100001,15301100001,15301100001,15301100001,1283587.0,19640293047,1
43097,15302000001,15302000001,15302000001,15302000001,4276244.0,65435085692,1
43097,15302000001,15302000001,15302000001,15302000001,1797019.0,2749798474,1
43097,15302000001,15302000001,15302000001,15302000001,658752.0,10080223105,1
43097,15111012001,15111012001,15111012001,15111012001,355.0,53644092604,1
43097,15345285892,15400000001,156500,15345285892,1015369.0,1559522405,1
43097,15400000001,15400000001,15400000001,15400000001,2069535.0,31870839002,1
43097,15400000001,15400000001,15400000001,15400000001,70792.0,10901968001,1
43097,15400000001,15400000001,15400000001,15400000001,387877.0,59733058,1
