Open time,Open,Close,High,Low,Volume,Amount
43090,16000000003,16000000003,16000000003,16000000003,7796581,124745296023
43090,16666000009,16666000009,16666000009,16666000009,1014,1689932401
43090,16666000009,172000,172000,16666000009,620728,10382646453
43090,16666000009,16666000009,16666000009,16666000009,806026,13433229323
43090,172000,172000,172000,172000,9149629,1573736188
43090,16666000009,167000,167000,16666000009,503048,8384037332
43090,172000,172000,172000,172000,7240998,1245451656
43090,172000,172000,172000,172000,3,5160
43090,169010,169010,169010,169010,1924702,32529388502
43090,169010,169010,169010,169010,48003,811298703
43090,169010,169010,169010,169010,346609,5858038709
43090,167500,167500,167500,167500,93683,156919025
43090,16675000001,16675000001,16675000001,16675000001,3933915,65598032629
43090,16675000001,166760,166760,16650000001,3449836,57469419881
43090,17178999998,17178999998,17178999998,17178999998,863999,14842638819
43090,15901000006,15901000006,15901000006,15901000006,3233212,51411304031
43090,15901000006,15901000006,15901000006,15901000006,332,5279132002
43090,15901000006,15901000006,15901000006,15901000006,1329039,21133049147
43090,15901000006,16000000001,16000000001,15901000006,11342895,181468644153
43090,16000000001,16000000001,16000000001,16000000001,11353928,181662848011
43090,16000000001,16000000001,16000000001,16000000001,3012101,48193616002
43090,16000000001,16000000001,16000000001,16000000001,417,66720000004
43090,16000000001,16000000001,16000000001,160000,295952,47352320003
43090,160000,160000,160000,160000,88208,1411328
43090,160000,160000,160000,160000,5834806,93356896
43090,160000,16000000001,16000000001,160000,3090599,49449584
43090,16000000001,16000000001,16000000001,16000000001,631425,10102800001
43090,15901000002,15901000002,160000,15901000002,6703356,106590545505
43090,15901000002,15901000002,15901000002,15901000002,977174,15538043776
43090,15901000002,15901000002,15901000002,15901000002,2049533,32589624238
43090,16000000001,16000000001,16000000001,16000000001,2902978,46447648003
43090,16000000001,16000000001,16000000001,16000000001,3035065,48561040004
43090,16000000001,16000000001,16000000001,16000000001,487424,7798784
43090,165000,165000,165000,165000,148612,2452098
43090,16500000001,16500000001,16500000001,16500000001,291997,48179505
43090,16500000001,16500000001,16500000001,16500000001,490908,8099982
43090,16500000001,16500000001,16500000001,16500000001,80908,1334982
43090,16500000001,16500000001,16500000001,16500000001,278482,45949530004
43090,16500000001,172000,172000,16500000001,875504,14495096001
43090,16500000001,16500000001,16500000001,16500000001,834461,13768606501
43090,165000,16500000001,16500000001,165000,31777564,524329806023
43090,172000,172000,172000,172000,84432,14522304
43090,15901000002,15901000002,15901000002,15901000002,1,15901
43090,16000000001,16000000001,16000000001,16000000001,453051,7248816
43090,160010,16001000001,16001000001,160010,835974,13376419974
43090,16949999999,16949999999,16949999999,16949999999,4650832,78831602395
43090,16001000001,16001000001,16001000001,16001000001,1,16001000001
43090,168900,168900,168900,168900,58295,98460255
43090,16889999999,16889999999,16889999999,16889999999,582186,98331215395
43090,16889999999,16889999999,16889999999,16889999999,2,33779999998
43090,16949999998,16949999998,16949999998,16949999998,471501,7991941949
43090,16887999992,16887999992,16887999992,16887999992,174543,2947682183
43090,16777777774,16777777774,16777777774,16777777774,336221,5641041221
43090,16777777772,16777777772,16777777772,16777777772,17732548,297512749675
43090,16888999997,16888999997,16888999997,16888999997,9017703,15229998594
43090,167770,168890,168890,167770,26637065,44986513991
43090,168890,168890,168890,168890,31858,538049762
43090,168890,168890,168890,168890,000645,10893405
43090,15406984594,15406984594,15406984594,15406984594,704,1084651715
43090,16949999993,16949999993,16949999993,16949999993,1119825,18981033742
43090,16949999993,16949999993,16949999993,16949999993,1095117,18562233142
43090,15407984593,15407984593,15407984593,15407984593,297716,4587203541
43090,16948999993,16948999993,16948999993,16948999993,676892,114726425032
43090,16948999991,16948999989,16948999991,16948999989,85119,1442681931
43090,16948999979,16948999979,16948999979,16948999979,251203,4257639642
43090,154090,154090,154090,154090,271935,4190246415
43090,16948999975,16948999975,16948999975,16948999975,5,84744999875
43090,16178999985,16178999985,16178999985,16178999985,2651835,42904038425
43090,16179499984,16179499984,16179499984,16179499984,2455804,39733680779
43090,16179499983,16179499983,16179499983,16179499983,2354513,38094843043
43090,167820,163450,167820,161760,11126369,183022164105
43090,16175999998,16175999998,16175999998,16175999998,609697,9862458671
43090,160860,160860,160860,160860,18393,295869798
43090,16085999999,16085999999,16085999999,16085999999,21,33780599998
43090,16781999998,16781999998,16781999998,16781999998,609757,10232941973
43090,16780999993,16780999993,16780999993,16780999993,29795,499989895
43090,16086000001,16086000001,16086000001,16086000001,3475094,55900362087
43090,16781999998,16781999998,16781999998,16781999998,498,8357435999
43090,167820,167820,167820,167820,5477425,9192214635
43090,167820,167820,167820,167820,13877895,23289883389
43090,167820,167820,167820,167820,9325694,156503796708
43090,16467169392,16949999999,16949999999,16467169392,4712613,79844735819
43090,16949999999,16949999999,16949999999,16949999999,144,244079999985
43090,16949999999,16949999999,17007984593,16949999999,8357404,141658576419
43090,16949999999,16949999999,16949999999,16949999999,1298493,22009456349
43091,16933049998,16933049998,16933049998,16933049998,225,38099362496
43091,16933049998,16933049998,16933049998,16933049998,1,16933049998
43091,16933049998,16933049998,16933049998,16933049998,2784839,47155818024
43091,16933049998,16933049998,16933049998,16933049998,1950462,33027270566
43091,16933049998,16933049998,16933049998,16933049998,225,38099362496
43091,16933049999,17007984593,17007984593,16933049999,489372,8304420305
43091,172000,172000,172000,172000,621981,106980732
43091,165000,16500000001,16500000001,165000,1245452,20549958
43091,16500000002,16500000002,16500000002,16500000002,401089,6617968501
43091,170000,170000,170000,170000,11084725,188440325
43091,170000,170000,170000,170000,16481358,280183086
43091,170000,170000,170000,170000,6468201,109959417
43091,170000,170000,170000,170000,294206,5001502
43091,170000,16999999987,170000,16999999987,1512727,2571635898
43091,16999999987,16999999987,16999999987,16999999987,4640951,78896166939
43091,161000,161000,161000,161000,704,113344
43091,15406984605,15406984605,15406984605,15406984605,2340057,36053222174
43091,15406984605,15406984605,15406984605,15406984605,5929071,91349105619
43091,15406984605,15406984605,15406984605,15406984605,516565,7958709002
43091,15406984593,15220000001,15406984605,15220000001,18497232,284064574459
43091,16999999987,16999999987,16999999987,16999999987,1056,1795199999
43091,156550,156550,156550,156550,218728,342418684
43091,156550,156550,156550,156550,517923,8108084565
43091,156550,155550,156550,155550,1544422,2414949868
43091,155550,155550,155550,155550,28688,44624184
43091,155550,155550,155550,155550,226701,3526334055
43091,155550,155550,155550,155550,32406065,504076341075
43091,155550,155550,155550,155550,15187845,236246928975
43091,155550,155550,155550,155550,5313833,82656672315
43091,155550,15255372322,155550,15255372322,1685083,25806878811
43091,15255372322,15255372322,15255372322,15255372322,230457,3515707339
43091,15255372322,15255372322,15255372322,15255372322,230392,351471574
43091,152200,152000,152200,152000,2418449,3680064816
43091,15553999989,15553999989,15553999989,15553999989,15463546,240519994314
43091,15553999983,15553999983,15553999983,15553999983,443855,6903720662
43091,15000000001,15000000001,15000000001,15000000001,4578203,68673045005
43091,15000000002,15000000002,15000000002,15000000002,955601,14334015002
43091,15000000002,15000000002,15000000002,15000000002,27732399,415985985055
43091,15000000001,15000000001,15015015018,15000000001,43730585,656416220568
43091,15000000001,150000,15000000001,150000,3563781,53456715001
43091,150000,15000000001,15000000001,150000,2727242,40908630002
43091,15000000001,15000000001,15000000001,150000,8848758,132731370005
43091,15000000001,15015015016,15015015016,15000000001,5359798,80418760306
43091,15015015016,15015015016,15015015016,15015015016,430346,64616516521
43091,15015015016,15015015016,15015015016,15015015015,15521846,233060750762
43091,15015015016,15015015016,15015015016,15015015016,10124542,15202015016
43091,15015015016,15015015016,15015015016,15015015016,1780919,26740525527
43091,15015015016,15015015016,15015015016,15015015016,28688,430750750779
43091,150150,150150,150150,150150,288,432432
43091,15015015016,15015015016,15015015016,15015015016,1017087,15271576578
43091,15015015016,15015015016,15015015016,15015015016,1024053,15376171172
43091,15015015016,15015015016,15015015016,15015015016,6235888,93631951958
43091,15015015016,15015015016,15015015016,15015015016,63,945945946
43091,15015014016,15015014016,15015014016,15015014016,8212517,123311057861
43091,15015014016,15015014016,15015014016,15015014016,384882,5779008625
43091,150150,15015014016,15015014016,150150,16037,240795612
43091,15014999999,15014999999,15014999999,15014999999,3302396,49585475937
43091,15015015007,15015015007,15015015007,15015015007,1010033,15165660653
43091,15015015006,15015015006,15015015006,15015015006,2942062,44175105079
43091,14500000003,14500000002,14500000003,14500000002,12253807,177680201527
43091,14500000002,14500000002,14500000002,14500000002,1715348,24872546004
43091,14499999998,14499999998,14499999998,14499999998,4487755,65072447491
43091,14499999997,14499999997,14499999997,14499999997,715086,10368746998
43091,14499999997,14499999997,14499999997,14499999997,241137,3496486499
43091,14782243495,14782243495,14782243495,14782243495,1006606,14879894996
43091,14782243494,14782243494,14782243494,14782243494,21,31042711338
43091,14782243495,14782243495,14782243495,14782243495,1008112,14902157054
43091,15000000003,15000000003,15000000003,15000000003,1250721,18760815004
43091,145000,145000,145000,145000,6186485,897040325
43091,145000,145000,145000,145000,12825849,1859748105
43091,140000,140000,140000,140000,5765635,8071889
43091,140000,140000,140000,140000,10560011,147840154
43091,140000,140000,140000,140000,299,4186
43091,140000,140000,140000,140000,1786556,25011784
43091,140000,140000,140000,140000,683179,9564506
43091,140000,13521000004,140000,13521000004,7874756,106723621896
43091,140000,140000,140000,140000,6945982,97243748
43091,140000,14564559228,14564559228,140000,3387529,47969296715
43091,140000,140000,140000,140000,000124,1736
43091,13521000005,13521000005,13521000005,13521000005,8714713,117831634517
43091,13521000005,13521000005,13521000005,13521000005,2175885,294201410963
43091,13521000005,13521000005,13521000005,13521000005,9350128,126423080736
43091,13521000005,13521000005,13521000005,13521000005,10759373,145477482386
43091,13521000004,13521000004,13521000004,13521000004,1231329,16648799414
43091,13521000004,13521000004,13521000004,13521000004,1505759,20359367444
43091,13521000004,14676905222,14676905222,13521000004,3561,499471007
43091,14999999988,14999999988,14999999988,14999999988,2160492,32407379974
43091,135210,135210,135210,135210,517354,6995143434
43091,135210,135210,135210,135210,233117,3151974957
43091,135210,135210,135210,135210,1731461,23411084181
43091,135210,135210,135210,135210,2046749,27674093229
43091,135210,135210,135210,135210,21777768,294457201128
43091,135210,135210,135210,135210,1641852,22199480892
43091,135210,135210,135210,135210,23713,320623473
43091,135010,135210,135210,135010,704,95047278
43091,14250499989,14250499989,14250499989,14250499989,2587066,36866984005
43091,14999999944,14999999944,14999999944,14999999944,229322,3439829987
43091,14999999942,14999999942,14999999942,14999999942,01246,1869
43091,14999999928,14999999928,14999999928,14999999928,10062948,150944219275
43091,14999999916,14999999916,14999999916,14999999916,4357232,65358479634
43091,14999999914,14999999914,14999999914,14999999914,10243241,153648614119
43091,14999999912,1499999991,14999999912,1499999991,8467264,127008959246
43091,1499999991,1499999991,1499999991,1499999991,175988,26398199842
43091,14999999904,14999999904,14999999904,14999999904,4511,6766499957
43091,14999999897,14999999897,14999999897,14999999897,2194404,32916059774
43091,145000,145000,145000,145000,5,7250
43091,14499999996,14499999995,14499999996,14499999995,4873968,7067253598
43091,14499999995,14499999995,14499999995,14499999995,206895,29999774991
43091,14499999993,14499999993,14499999993,14499999993,21205461,307479184352
43091,14499999988,14499999988,14499999988,14499999988,13793,19999849984
43091,14499999988,14499999988,14499999988,14499999988,17491572,253627793791
43091,14499999986,14499999986,14499999986,14499999986,13793,1999984998
43091,14499999986,14499999986,14499999986,14499999986,14043322,203628168803
43091,14499999986,14499999989,14499999989,14499999986,1918938,278246009741
43091,145000,145000,145000,145000,11083911,1607167095
43091,15015015,15015015,15015015,15015015,12673376,19029093074
43091,15015014994,15015014994,15015014994,15015014994,1009022,15150480459
43091,14749999999,14749999999,14749999999,14749999999,666,98235
43091,14749999999,14749999998,14749999999,14749999998,13809614,203691806486
43091,14250499986,14250499984,14250499986,14250499984,19386871,276272604884
43091,14250499984,14250499984,14250499984,14250499984,11424813,162809297474
43091,14250499984,14250499984,14250499984,14250499984,178869,25489726817
43091,14528464251,14528464251,14528464251,14528464251,6883,9999941944
43091,14528464251,14528464251,14528464251,14528464251,22642106,328955027591
43091,14528464251,14528464251,14528464251,14528464251,5357594,77837612901
43091,14813310727,14813310727,14813310727,14813310727,1993528,29530749707
43091,14528464254,14528464254,14528464254,14528464254,456587,6633507908
43091,14530000001,14530000001,14530000001,14530000001,292824,425473272
43091,14528464252,145300,145300,14528464252,728729,10587421946
43091,14528464253,14528464253,14528464253,14528464253,2241017,32558535375
43091,14528464254,14528464254,14528464254,14528464254,141278,20525523728
43091,14528464254,14528464254,14528464254,14528464254,594891,8642852629
43091,14528464252,14528464251,14528464252,14528464251,231831,3368148396
43091,13928464231,139680,139680,13928464231,685782,9565467273
43091,13928464231,135050,13928464231,135050,793124,10723239687
43091,135050,135010,135050,135010,9681981,130732287069
43091,135010,135000,135010,135000,7352398,99260771716
43091,135000,135000,135000,135000,46318,625293
43091,130000,131000,131000,130000,2737537,35818905
43091,135000,135000,135000,135000,2364135,319158225
43091,135000,130000,13797616834,130000,2954677,40177041663
43091,130000,13579506141,13579506141,130000,11428722,152660233853
43091,13579506141,13299893883,13579506141,13299893883,17500753,233563441076
43091,125000,125000,125000,125000,1,1250
43091,13593099238,13593099238,13593099238,13593099238,2878112,39122462034
43091,123000,12210608965,123000,12210608965,281895,34510487177
43091,12210608963,12210608963,12210608963,12210608963,2851923,34823716545
43091,12210608963,12210608963,12210608963,12210608963,4041834,49353254468
43091,12210608962,12210608964,12210608964,12210608962,2063559,25197312023
43091,14128464229,14128464229,14128464229,14128464229,14182897,200382552928
43091,13099999997,13099999997,13099999997,13099999997,19340273,253357576242
43091,131000,131000,131000,131000,4171993,546531083
43091,131000,131000,131000,131000,999455,130928605
43091,131000,131000,131000,131000,400738,52496678
43091,131000,131000,131000,131000,101164,13252484
43091,131000,131000,131000,131000,15190839,1989999909
43091,13392388401,13392388401,13392388401,13392388401,135873,18196639892
43091,13392388401,13392388401,13392388401,13392388401,159225,2132403043
43091,13392388401,13392388401,13392388401,13392388401,6875788,92083223459
43091,14099999984,14099999984,14099999984,14099999984,12127802,171002008006
43091,14099999984,14099999984,14099999984,14099999984,7530618,10618171368
43091,14099999978,14099999978,14099999978,14099999978,457409,64494668899
43091,14099999978,14099999978,14099999978,14099999978,679181,9576452085
43091,12600000001,12600000001,12600000001,12600000001,4232999,53335787404
43091,12600000001,12600000001,12600000001,12600000001,15275078,192465982818
43091,12600000001,12600000001,12600000001,12600000001,12305,15504300001
43091,126000,12600000001,12600000001,126000,10175107,128206348203
43091,12600000001,12600000001,12600000001,12600000001,14615412,184154191216
43091,126000,126000,126000,126000,86064,10844064
43091,126000,125000,126000,125000,25226678,3172491457
43091,12221608964,12221608964,12221608964,12221608964,8989569,109866997073
43091,12499999982,12499999982,12499999982,12499999982,1001581,12519762482
43091,12499999983,12499999983,12499999983,12499999983,1002515,12531437483
43091,12895508066,12895508066,12895508066,12895508066,2,25791016132
43091,12895508065,12895508069,12895508069,12895508065,92531227,1193237184292
43091,12895508069,12895508069,12895508069,12895508069,10734587,138427953276
43091,12221608966,12221608966,12221608966,12221608966,1E-05,12221609
43091,12221608968,12509598887,12509598887,12221608968,279528,3496495168
43091,12508608967,12508608967,12508608967,12508608967,2701651,33793895924
43091,12508608967,12508608967,12508608967,12508608967,4381416,54805419466
43091,12508608967,12508608967,12508608967,12508608967,574551,7186833791
43091,12508608967,12508608967,12508608967,12508608967,2809616,3514438789
43091,12508608967,12508608967,12508608967,12508608967,8381524,104841206264
43091,122220,122220,122220,122220,3879748,47418280056
43091,12508608967,12508608967,12508608967,12508608967,500939,6266050067
43091,12222000002,12222000002,12222000002,12222000002,1E-05,12222
43091,12508608967,12508608967,12508608967,12508608967,70398,8805810541
43091,125070,12508608967,12508608967,125070,14506798,181458685883
43091,12222000004,12222000003,12222000004,12222000003,7867458,96156071704
43091,122220,12221608964,122220,12221608964,1771135,216462269651
43091,120000,120000,120000,120000,55042,660504
43091,12506999996,12506999996,12506999996,12506999996,1414807,17694991143
43091,12506999996,12506999996,12506999996,12506999996,4716,58983012
43091,12506999993,12506999993,12506999993,12506999993,2084264,26067889833
43091,121000,12505999997,12505999997,121000,1501554,18477998382
43091,12505999995,12505999995,12505999995,12505999995,2696486,33722253903
43091,12499999999,12506999996,12506999996,12499999999,162407273,203070979205
43091,12150000006,125000,125000,12150000006,4450214,54207769124
43091,125000,12150000005,125000,12150000005,9025369,111018328125
43091,12150000005,12162162167,12162162167,12150000005,526624,63996359279
43091,12150000004,12150000003,12162162167,120000,103226992,1254046789623
43091,12150000003,12150000002,12150000003,117500,16126854,191086768907
43091,117500,11500000001,12150000002,11500000001,60752932,71314474021
43091,12150000001,12150000001,12150000001,12150000001,520856,6328400401
43091,11500000001,11500000001,11500000001,11500000001,3997579,45972158504
43091,12150000001,12150000001,12150000001,12150000001,3639078,44214797704
43091,116000,116000,116000,116000,704,81664
43091,11600000004,11600000004,11600000004,11600000004,155682,18059112006
43091,130000,130000,130000,130000,45,5850
43091,130000,130000,130000,130000,306,3978
43091,12800000008,12800000008,12800000008,12800000008,836895,10712256007
43091,12779999999,12779999999,127800,12779999999,7384486,94373731074
43091,12779999999,12779999999,12779999999,11610000017,10979711,140013086663
43091,12770000005,12770000005,12770000005,12770000005,3593598,45890246478
43091,12770000005,12770000005,12770000005,12770000005,154955,1978775351
43091,12770000005,12770000005,12770000005,12770000005,859492,109757128443
43091,12770000003,12770000003,12770000003,12770000003,7769823,99220639733
43091,12770000001,12770000001,12770000001,12770000001,28688,366345760029
43091,11613000014,11613000014,11613000014,11613000014,2050007,2380673132
43091,127800,12000000019,127800,12000000019,6069373,77500676942
43091,14127998,14127998,14127998,14127998,400926,5664281726
43091,14123999999,14123999999,14123999999,14123999999,5941671,83920161198
43091,140000,140000,140000,140000,21217,297038
43091,140000,13125999997,140000,13125999997,6764881,92140422355
43091,13125999997,13125999997,13125999997,13125999997,6632025,8705196013
43091,13125999997,13125999997,13125999997,13125999997,2128922,27944230166
43091,14127997,14127997,14127997,14127997,70781,9999937557
43091,14127997,14127997,14127997,14127997,1424578,2012643371
43091,14127998,14127998,14127998,14127998,1416555,20013086207
43091,141280,141280,141280,141280,4403253,62209158384
43091,14127997,14127997,14127997,14127997,5562662,78589272048
43091,14227997,14227997,14227997,14227997,5436377,77348755647
43091,14227997,14227997,14227997,14227997,16950495,241171592009
43091,14227997,14227997,14227997,14227997,34954816,497337017184
43091,14127997001,14127997001,14227997,14127997001,3102165,43829351217
43091,14127997002,14127997002,14127997002,14127997002,1587865,2243335196
43091,14127997002,14127997002,14127997002,14127997002,46131,65173863
43091,14127997,14127997,14127997,14127997,111778,1579199249
43091,14127996997,14127996997,14127996997,14127996997,852296,12041235329
43091,14127996995,14127996995,14127996995,14127996995,2539027,35871365826
43091,14127996995,14127997,14127997,14127996995,50351,7113587767
43091,14127997,14127997,14127997,14127997,4981239,70374929648
43091,14127997,14127997,14127997,14127997,43,607503871
43091,145000,145000,145000,145000,573051,83092395
43091,14513472,14513472,14513472,14513472,61915,8986016189
43091,14528464251,14528464251,14528464251,14528464251,209686,3046415555
43091,14528464251,14528464251,14528464251,14528464251,3397391,4935887369
43091,14513472,14513472,14528464251,14513472,220007,31930977545
43091,14513472,14513472,14513472,14513472,2196553,31879610462
43091,141280,141280,141280,141280,261621,3696181488
43091,141280,141280,141280,141280,904273,12775568944
43091,141280,141280,141280,141280,556364,7860310592
43091,141280,141280,141280,141280,409416,5784229248
43091,141280,141280,141280,141280,384061,5426013808
43091,140000,140000,140000,140000,1029992,14419888
43091,140000,140000,140000,140000,701754,9824556
43091,140000,140000,140000,140000,5188206,72634884
43091,13377532493,13377532493,13377532493,13377532493,191752,25651686106
43091,13499999999,13499999999,13499999999,13499999999,844841,114053535
43091,13499999999,13499999999,13499999999,13499999999,1019887,13768474499
43091,13000997,13000997,13000997,13000997,49895852,648695822164
43091,13000997,13000997,13000997,13000997,15349272,199555839224
43091,13499999999,1351351351,13527040553,13499999998,7954909,107477973288
43091,13527040549,13513513508,140000,13513513508,52081,70652286716
43091,13513513508,13513513508,13513513508,13513513507,3371895,45566148629
43091,13513513507,133000,13513513507,133000,4522928,6102533683
43091,13299999999,13299999999,13299999999,13299999999,1696098,225581034
43091,13299999999,13299999999,13299999999,13299999999,744707,9904603099
43091,13299999999,133000,133000,13299999999,5374384,71479307197
43091,133000,133000,133000,133000,3472815,461884395
43091,133000,133000,133000,133000,384213,51100329
43091,133000,13513513508,13513513508,133000,803808,10808560302
43092,13513513507,13513513507,13513513507,13513513507,600741,8118121618
43092,13513513506,13513513506,13513513506,13513513506,387055,523047297
43092,13513513506,13513513506,13513513506,13513513506,385098,5204027024
43092,13513513506,13513513506,13513513506,13513513506,4984983,67364635098
43092,13513513506,13513513506,13513513506,13513513506,6587866,89025216166
43092,13513499999,13513499999,13513499999,13513499999,2791644,37724881191
43092,12100000014,12100000014,12100000014,12100000014,5,6050000007
43092,12100000015,12100000015,12100000015,12100000014,1178744,14262802418
43092,12100000015,12100000015,12100000015,12100000015,13156,1591876
43092,12118000003,12118000005,12118000005,12118000003,9573578,116012618243
43092,12118000005,121180,12118000005,121180,2734587,331377252786
43092,121180,12118000005,12118000005,121180,1609485,19503739236
43092,121150,12110500004,121180,12110500004,7697848,93261400002
43092,12110500004,121050,12110500004,121050,518881,62813322943
43092,121050,12100000015,121050,12100000015,104975,1270674465
43092,11700997006,11700997006,11700997006,11700997006,24942854,291856259975
43092,11700997005,11700997005,11700997005,11700997005,1092567,12784123195
43092,11700997005,11700997005,12118000005,11700997005,6514989,7792076187
43092,117010,117010,117010,117010,329051,3850225751
43092,11700997005,11700997005,11700997005,11700997005,7016439,82099331724
43092,11700997,11700997,11700997,11700997,9785268,114497391512
43092,11700997001,11700997001,11700997001,11700997001,3927747,45958555867
43092,11700997002,11700997002,11700997002,11700997002,7512835,87907659811
43092,12118000004,12117000006,12118000004,12104883005,15407056,186685938679
43092,12117000006,12117000006,130990,12117000006,2577188,31234552008
43092,126000,126000,126000,126000,1214254,152996004
43092,126000,126000,126000,126000,1101058,138733308
43092,12117000006,12117000006,12117000006,12117000006,3203869,38821280693
43092,12117000007,11754008877,12117000007,11754008877,12822468,151526369166
43092,11754008877,122000,122000,11754008877,11876051,142374821441
43092,122000,122000,122000,122000,7372982,899503804
43092,122000,122000,122000,122000,4401366,536966652
43092,122000,122000,122000,122000,998882,121863604
43092,122000,122000,122000,122000,8673434,1058158948
43092,122000,122000,122000,122000,6934684,846031448
43092,1183452243,1183452243,1183452243,1183452243,1722975,20390586284
43092,11834522432,11834522432,11834522432,11834522432,5650955,66876353709
43092,11834522432,11834522432,11834522432,11834522432,2692686,31866652869
43092,11834522432,11834522432,11834522432,11834522432,9575459,113320984332
43092,11700997002,11701997003,11701997003,11700997002,181337,21218255647
43092,127000,127000,127000,127000,1371575,174190025
43092,127000,127000,127000,127000,9759336,1239435672
43092,126650,126650,126650,126650,3274877,41476317205
43092,11800997002,11800997002,11800997002,11800997002,4733719,55862603727
43092,12200997005,12000997005,12200997006,12000997005,62436796,755885839027
43092,12000997005,12000997005,12000997005,12000997005,13510893,162144186428
43092,127000,127000,127000,127000,46072,5851144
43092,131000,131000,131000,131000,3680248,482112488
43092,11702000001,11702000001,11702000001,11702000001,704,8238208
43092,117030,117030,117030,117030,140651,1646038653
43092,11750000001,11750000001,11750000001,11750000001,1653559,19429318252
43092,129990,129990,129990,129990,2401083,31211677917
43092,129990,129990,129990,129990,1815089,23594341911
43092,129990,129990,129990,129990,44964109,584488452891
43092,134990,134990,134990,134990,39421,532144079
43092,13020658345,134990,134990,13020658345,602085,7974755437
43092,13020658345,13020658345,13020658345,13020658345,94752,12337334195
43092,12499000001,12499000001,12499000001,12499000001,29753919,371894233611
43092,12499000001,12499000001,12499000001,12499000001,13039122,162975985891
43092,12499000001,12499000001,12499000001,12499000001,392335,49037951654
43092,12499000001,12499000001,12499000001,12499000001,745499,9317992002
43092,117010,11702000001,11702000001,117010,221491207,2591698184834
43092,129990,129990,129990,129990,719231,9349283769
43092,12998999999,12998999999,12998999999,12998999999,11392028,148084971961
43092,12998999999,12998999999,12998999999,12998999999,234595,3049500405
43092,12998999999,12998999999,12998999999,12998999999,4609812,59922946183
43092,12998999999,12998999999,12998999999,12998999999,288,37437119997
43092,12998999999,12998999999,12998999999,12998999999,1182959,1537728404
43092,12998999999,12998999999,12998999999,12998999999,10462809,136006054181
43092,125175,125175,125175,125175,4112802,51481999035
43092,125175,125175,125175,125175,16469443,206156252752
43092,125170,125170,125170,125170,116323,1456014991
43092,13099999999,13099999999,13099999999,13099999999,1339547,17548065699
43092,13099999999,13099999999,13099999999,13099999999,1843163,24145435298
43092,13099999998,13099999998,13099999998,13099999998,849652,11130441198
43092,13099999998,13099999998,13099999998,13099999998,3304729,43291949893
43092,13099999998,13099999998,13099999998,13099999998,92572,12126931998
43092,13000999999,13000999999,13000999999,13000999999,3203739,41651810736
43092,13099999998,13099999998,13099999998,13099999998,8084518,105907185784
43092,13099999999,13099999999,13099999999,13099999999,3471383,45475117297
43092,13099999999,13099999999,13099999999,13099999999,3256233,42656652297
43092,13099999999,13099999999,13099999999,13099999999,1754349,22981971898
43092,126000,126000,126000,126000,704,88704
43092,13099999996,130990,13099999996,130990,4735136,62026709533
43092,126010,126000,126010,126000,3189934,401939684
43092,126000,126000,126000,126000,704,88704
43092,12200000001,12200000001,12200000001,12200000001,4509516,55016095205
43092,12200000001,12200000001,12200000001,12200000001,704,85888
43092,1398960779,1398960779,1398960779,1398960779,2171792,30382518281
43092,138000,1398960779,1398960779,138000,6526378,91204443828
43092,14098999999,14098999999,14098999999,14098999999,3880534,54711648862
43092,140990,140990,140990,140990,551448,7774865352
43092,137000,137000,137000,137000,1217,166729
43092,14333227197,14333227197,14333227197,14333227197,81969,11748803
43092,13700000002,13700000002,13700000002,13700000002,3988718,54645436608
43092,13700000002,13700000002,13700000002,13700000002,9181394,125785097818
43092,14333227198,14333227198,14333227198,14333227198,137042,19642541217
43092,14799999999,14799999999,14799999999,14799999999,42,62159999996
43092,14343227199,14343227199,14343227199,14343227199,288,41308494333
43092,14343227198,14343227198,14343227198,14343227198,3879891,55650158116
43092,143432272,143432272,143432272,143432272,1466271,2103105809
43092,14343227199,14343227199,14343227199,14343227199,288,41308494333
43092,148000,148000,148000,148000,10616675,15712679
43092,148000,148000,148000,148000,479359,70945132
43092,149500,149500,149500,149500,3243446,484895177
43092,149500,149500,149500,149500,1256554,187854823
43092,149500,14964964965,14964964965,149500,883672,13214902401
43092,14333227198,14333227198,14333227198,14333227198,29048,416351584
43092,13700000003,13700000003,13700000003,13700000003,1685307,23088705905
43092,13700000004,13700000004,13700000004,13700000004,71453,9789061003
43092,13700000006,13700000006,13700000006,13700000006,577714,7914681803
43092,137000,13700000006,13700000006,137000,391347,5361453901
43092,137000,137000,13700000001,137000,12484369,171035855302
43092,137000,13699999999,137000,13699999999,842884,115475107993
43092,13699999999,13696999999,13699999999,13696999999,4703918,64435036595
43092,13695999998,13694999998,13695999998,13694999998,2320286,31778346351
43092,13692669946,13692669946,13692669946,13692669946,3171761,43429876521
43092,13205000005,13005000006,13205000005,13005000006,4492407,59014996459
43092,13005000006,13005000006,13005000007,13005000006,143478,18659313908
43092,12900000005,12900000005,12900000005,12900000005,5599094,72228312628
43092,140120,140120,140120,140120,8919561,124980888732
43092,13200000001,13200000001,13200000001,13200000001,9667165,12760657801
43092,13200000001,13200000001,13200000001,13200000001,713122,9413210401
43092,13200000001,13200000001,13200000001,13200000001,29713,3922116
43092,13200000001,13200000001,13200000001,13200000001,704,92928
43092,13200000001,13200000001,13200000001,13200000001,4972,656304
43092,14799999999,14799999999,14799999999,14799999999,234857,34758835998
43092,14799999999,148000,148000,14799999999,3676133,544067684
43092,148000,148000,148000,148000,3705772,548454256
43092,148000,148000,148000,148000,1189506,176046888
43092,148000,148000,148000,148000,2939015,43497422
43092,13201000014,13201000014,13201000014,13201000014,583332,77005657401
43092,12607000005,12607000005,12607000005,12607000005,364136,4590662554
43092,14799899999,14799899999,14799899999,14799899999,3981816,58930478614
43092,13699999998,13699999998,13699999998,13699999998,3313433,45394032093
43092,13699999997,13699999997,13699999997,13699999997,609224,8346368798
43092,13699999997,13699999997,13699999997,13699999997,936286,12827118197
43092,13000000054,14799999995,14799999995,13000000054,807917,11883420198
43092,14799999995,14799999995,14799999995,14799999995,67567,9999916
43092,14799999995,14799999995,14799999995,14799999995,4445945,65799985978
43092,14799999995,14799999995,14799999995,14799999995,22923151,339262634685
43092,132000,132000,132000,132000,1667123,220060236
43092,132000,132000,132000,132000,27020877,3566755764
43092,140000,140000,140000,140000,48,672
43092,140000,14376772924,14376772924,140000,184032,2638250816
43092,14376772923,14376772923,14376772923,14376772923,8915408,128174796332
43092,14376772923,14376772923,14376772923,14376772923,904418,13002612213
43092,14299999999,14299999999,14299999999,14299999999,288,41183999997
43092,14299999999,14299999999,14299999999,14299999999,2620578,37474265397
43092,14299999999,14299999999,14299999999,14299999999,3486683,49859566896
43092,14299999999,14299999999,14299999999,14299999999,2476054,35407572198
43092,14299999999,14299999999,14299999999,14299999999,704,100672
43092,14299999999,14299999999,14299999999,14299999999,13666718,195434067386
43092,143000,143000,143000,143000,26923527,3850064361
43092,143000,14799999996,14799999996,143000,2151218,307981663997
43092,137000,137000,137000,137000,704,96448
43092,14799999996,14799999996,14799999996,14799999996,485513,7185592398
43092,14799999996,14799999996,14799999996,14799999996,2771085,41012057988
43092,14799999999,148000,148000,14799999999,1050018,155402664
43093,145000,145000,14799999999,145000,16072046,2330497706
43093,13620000004,13620000004,13620000004,136200,34297364,467130097815
43093,145000,14499999999,145000,14499999999,2012893,291869485
43093,14499999999,14499999999,14499999999,14499999999,961929,13947970499
43093,14199999999,14199999999,14199999999,14199999999,12665093,179844320587
43093,1449999999,1449999999,1449999999,1449999999,381711,5534809496
43093,13300000002,138500,138500,13300000002,11854898,15839278534
43093,14399999998,14399999998,14399999998,14399999998,495,71279999991
43093,14399999998,134000,14399999998,134000,8746544,121463689592
43093,13300000001,13300000001,13300000001,13300000001,9658467,12845761111
43093,14389999989,14389999989,14389999989,14389999989,1652739,23782914192
43093,14393125599,145000,145000,14393125599,14,202109986865
43093,145000,145000,145000,145000,288,4176
43093,14200000003,14100000005,14200000003,14100000005,5545756,78362629324
43093,140010,14000999999,141000,14000999999,3027593,42438829593
43093,13999999999,13999999999,13999999999,13999999999,2433,34062
43093,13999999997,13999999997,13999999997,13999999997,2921,4089399999
43093,13999999997,13999999997,13999999997,13999999997,3505,4906999999
43093,13999999997,13999999997,13999999997,13999999997,4216,5902399999
43093,139990,139990,139990,139990,1,13999
43093,139990,13999999998,13999999998,139990,13461335,188452098762
43093,144990,144990,144990,144990,5,72495
43093,144990,144990,144990,144990,6311,91503189
43093,144990,144990,144990,144990,304,4407696
43093,144990,144990,144990,144990,317,4596183
43093,144990,144990,144990,144990,7658,111033342
43093,144990,144990,144990,144990,9183,133144317
43093,144990,144990,144990,144990,339,4915161
43093,144990,144990,144990,144990,11811,171247689
43093,144990,144990,144990,144990,14175,205523325
43093,144990,144990,144990,144990,1695,24575805
43093,144990,144990,144990,144990,20332,294793668
43093,144990,145000,151000,144990,3054079,44548431087
43093,142000,142000,142000,142000,2,284
43093,145000,145000,145000,145000,953074,13819573
43093,152500,152500,152500,152500,2969143,4527943075
43093,14900000001,14900000001,14900000001,14900000001,845,125905
43093,152500,152500,152500,152500,1960746,299013765
43093,14900000001,14900000001,14900000001,14900000001,1158,172542000012
43093,153890,153890,153890,153890,136005,2092980945
43093,14950000001,14950000001,14950000001,14950000001,4865,7273175
43093,14950000001,14950000001,14950000001,14950000001,5838,8727810001
43093,14950000001,14950000001,14950000001,14950000001,1699235,25403563252
43093,14950000001,14950000001,14950000001,14950000001,2478767,37057566653
43093,14950000001,14950000001,14950000001,14950000001,10088,15081560001
43093,14950000002,14950000002,14950000002,14950000002,12106,18098470002
43093,14950000002,14950000002,14950000002,14950000002,12106,18098470002
43093,14950000002,14950000002,14950000002,14950000002,16948,25337260003
43093,14950000002,14950000002,14950000002,14950000002,20338,30405310004
43093,14950000004,14950000004,14950000004,14950000004,24405,3648547501
43093,14950000004,14950000004,14950000004,14950000004,24405,3648547501
43093,14950000004,149000,14950000004,149000,2297864,34281886153
43093,149000,149000,149000,149000,59317,8838233
43093,145550,145550,145550,145550,5,72775
43093,145000,145000,145000,145000,766185,111096825
43093,145000,144000,145000,144000,5139311,740205095
43093,145000,145000,145000,145000,17902,259579
43093,145000,149990,149990,145000,236455,3537516543
43093,14414414415,14414414415,14414414415,14414414415,25452,36687567569
43093,14414414415,14414414415,14414414415,14414414415,2184236,31484482884
43093,14414414414,14414414415,14414414415,14414414414,2825134,40722652252
43093,14414414414,14414420001,14414420001,14414414414,1392183,20067509823
43093,14414500001,14414500001,14414500001,14414500001,958214,13812175704
43093,14414500001,14414500001,14414500001,14414500001,612,8821674001
43093,14414500001,14414500001,14414500001,14414500001,00059,8504555
43093,14414500002,14414500002,14414500002,14414500002,1984583,28606771657
43093,14414500002,14414500002,14414500002,14414500002,4664208,67232226225
43093,149990,149990,149990,149990,281743,4225863257
43093,149990,149990,149990,149990,499291,7488865709
43093,14999000001,14999000001,14999000001,14999000001,585658,8784284343
43093,14999000001,14999000001,14999000001,14999000001,522698,7839947303
43093,153780,153780,153780,153780,14564152,223967529456
43093,149500,149500,149500,149500,704,105248
43093,14414555705,14414555705,14414555705,14414555705,704,1014784722
43093,14414555702,14414555702,14414555702,14414555702,142261,2050629109
43093,153770,153770,153770,153770,133223,2048570071
43093,153770,153770,153770,153770,258939,3981705003
43093,15299999999,15299999999,15299999999,15299999999,88493,13539429
43093,153760,153760,153760,153760,1515,2329464
43093,153760,153760,153760,153760,7482131,115045246256
43093,153760,146010,153760,146010,81037,1208843512
43093,148000,148000,148000,148000,69666,10310568
43093,14900000002,149001,149001,14900000002,506836,755185778
43093,14900000004,14900000004,14900000004,14900000004,28797868,429088233315
43093,153500,153500,153500,153500,704,108064
43093,151980,151980,151980,151980,6481234,98501794332
43093,14453269597,14453269597,14453269597,14453269597,1,144532696
43093,14453269597,14453269597,14453269597,14453269597,1283715,18553878981
43093,144532696,144532696,144532696,144532696,1810035,2616092384
43093,14414555704,14414555704,14414555704,144145555,163036,23500915035
43093,144145555,144145555,144145555,144145555,803785,11586203492
43093,13802183723,13802183723,13802183723,13802183723,4162871,57456710357
43093,14799999999,148000,148000,14799999999,12973762,192011677596
43093,148000,13797278425,148000,13797278425,1609578,22595084989
43093,148000,148000,148000,148000,4279088,633305024
43093,148000,148000,148000,148000,1370573,202844804
43093,1393003587,148000,148000,1393003587,288,40149721968
43093,14000000003,14000000003,14000000003,14000000003,116054,1624756
43093,14000000002,14000000002,14000000002,14000000002,288,40320000006
43093,14000000002,14000000002,14000000002,14000000002,1462096,204693440029
43093,14050000001,14050000001,14050000001,14050000001,20166498,28333929692
43093,14201000001,14201000001,14201000001,14201000001,1980132,28119854534
43093,14300000008,14300000008,14300000008,14300000008,3008337,43019219124
43093,14300000008,14300000008,14300000008,14300000008,704,1006720001
43093,14000000001,14000000001,14000000001,14000000001,4514038,63196532005
43093,140010,140010,140010,140010,2941613,41185523613
43093,140000,140000,140000,140000,6445414,90235796
43093,145000,145000,145000,145000,2066645,299663525
43093,142000,142000,142000,142000,144,20448
43093,142010,142010,142010,142010,2030786,28839191986
43093,142010,142020,142020,142010,6273781,89097347944
43093,142020,142010,142020,142010,8102,1150603786
43093,13500999998,130000,13500999999,130000,6111835,80275540088
43093,13500999998,13500999998,13500999999,13500999998,1950318,26331243315
43093,13666999989,13555999987,13666999989,13555999987,1179751,16078852863
43093,13555999987,13555999983,13555999987,13555999983,836599,11340936031
43093,13555999983,13555999983,13555999983,13555999983,388489,5266356878
43093,130000,13552989974,13552989974,130000,1688695,22139137693
43093,13551989969,13551989967,13551989969,13551989967,1162791,15758131967
43093,13551989966,13551989967,13551989967,13551989966,404895,5487132978
43093,13551989957,13551989957,13551989957,13551989957,8497853,115162818512
43093,13551989958,13551989957,13551989958,13551989957,789173,10694864571
43093,13551989957,13551989957,13551989957,13551989957,773555,10483209591
43093,130000,130000,130000,130000,8E-05,104
43093,13551989955,13551989955,13551989955,13551989955,5906,8003805267
43093,13551989955,13551989955,13551989955,13551989955,389125,5273418091
43093,13539999999,13539999999,13539999999,13539999999,1037,1404098
43093,13539999999,13539999999,13539999999,13539999999,451165,61087741
43093,13489999997,13489999997,13489999997,13489999997,39137,5279581299
43093,12900000001,13489999997,13489999997,12900000001,21255046,276309540637
43093,13489999997,13489999997,13489999997,13489999997,205681,27746366894
43093,13489999997,13489999997,13489999997,13489999997,428136,5775554639
43093,13489998,13489998,13489998,13489998,1715,231353466
43093,12900000001,12900000001,12900000001,12900000001,57376,740150400058
43093,12900000001,12900000001,12900000001,12900000001,2982732,38477242803
43093,12900000001,12900000001,12900000001,12900000001,5367453,69240143706
43093,13489999997,13489999997,13489999997,13476509997,8661884,116809963936
43093,13489999997,13555999986,13555999986,13489999997,7389104,99916099552
43093,13476509997,13476509997,13476509997,13476509997,492782,6640981549
43093,13555999986,13555999986,13555999986,13555999986,31178817,422660042815
43093,13555999987,13555999987,13555999987,13555999987,845033,11455267337
43093,13555999987,13555999987,13555999987,13555999987,275909,37402224004
43093,12900000007,12900000007,12900000007,12900000007,282761,3647616902
43093,130000,130000,130000,130000,2435744,31664672
43093,13040000006,13040000006,13040000006,13040000006,6336148,82623369958
43093,13040000008,13040000008,13040000008,13040000008,1390188,18128051531
43093,13040000009,130000,13040000009,130000,17079828,222136844022
43093,130000,12999999999,13013013013,12999999999,11467357,149084811877
43093,14200999995,14200999995,14200999995,14200999995,2138968,30375484557
43093,12900000003,12900000003,12900000003,12900000003,172666,22273914006
43093,12900000003,12900000003,12900000003,12900000003,887944,11454477603
43093,14200999989,14200999989,14200999989,14200999989,140834,19999836324
43093,14200999983,14200999983,14200999983,14200999983,6501677,92330314966
43093,14200999999,14200999999,14200999999,14200999999,1694453,24062927051
43093,13000000004,13000000004,13000000004,13000000004,12839,1669070001
43093,13000000008,13000000008,13000000008,13000000008,124381,1616953001
43093,13201000001,13201000001,13201000001,13201000001,17111153,22588433077
43093,14200999999,14200999999,14200999999,14200999999,77908,11063715079
43093,13200999999,13200999999,13200999999,13200999999,24167,319028567
43093,1320299999,1320299999,1320299999,1320299999,288,38024639971
43093,13202999991,13202999991,13202999991,13202999991,1917463,25316263972
43093,1320299999,1320299999,1320299999,1320299999,287719,37987539541
43093,13201000004,13200999999,13201000004,13200999999,6889481,90948038708
43093,130000,13101000002,13101000002,130000,7434775,96809219283
43093,130000,130000,130000,130000,5021076,65273988
43093,12900999999,12900000003,12900999999,12900000003,237832,3068233512
43093,12900000001,12900000001,12900000001,12900000001,150532,19418628
43093,12900000001,12900000001,12900000001,12900000001,170234,21960186
43093,12900000001,12900000001,12900000001,12900000001,000282,36378
43093,126920,126920,126920,126920,9,114228
43093,126920,12691999997,126920,12691999997,3781757,47998059834
43093,12691999997,126920,126920,12691999997,4990791,63343119361
43093,126920,13202999989,13202999989,126920,1478825,19251663083
43093,13202999988,13202999988,13202999988,13202999988,14428942,190505321051
43093,12580000002,12580000002,12580000002,12580000002,6470613,81400311553
43093,12580000002,12580000002,12580000002,12580000002,110495,13900271
43093,12580000002,12580000002,12580000002,12580000002,93799,117999142
43093,126000,126000,126000,126000,28688,3614688
43093,126000,126000,126000,126000,704,88704
43093,12760000001,12760000001,12760000001,12760000001,3377784,43100523843
43093,12760000001,12760000001,12760000001,12760000001,385943,492463268
43093,12760000001,12750048189,12760000001,12750048189,6291442,80240073027
43093,126000,126000,126000,126000,32634456,4111941456
43093,126000,126000,126000,126000,408879,51518754
43093,12580000001,12580000001,12580000001,12580000001,17037,21432546
43093,13787999997,13787999997,13787999997,13787999997,7671495,105774573037
43093,12700000001,13787999997,13787999997,12700000001,1,132046688
43093,12700000002,12700000002,12700000002,12700000002,2541302,32274535405
43093,12700000002,12700000002,12700000002,12700000002,120117,15254859
43093,12700000002,12700000001,12700000002,12700000001,5211094,66180893807
43093,12700000001,12700000001,12700000001,12700000001,3318094,42139793803
43093,12700000001,12700000001,12700000001,12700000001,1760443,22357626102
43093,12700000002,123180,12700000002,123180,3565729,439422331667
43093,123180,123180,123180,123180,5167839,63657440802
43093,123180,123180,123180,123180,29522,363651996
43093,123170,123170,123170,123170,81,997677
43093,123160,123160,123160,123160,936024,11528071584
43093,121150,123160,123160,121150,15,1819692859
43093,121150,121150,121150,121150,3136386,3799731639
43093,12115000001,12115000001,12115000001,12115000001,81946,9927757901
43093,12115000001,12115000001,12115000001,12115000001,231834,280866891
43094,12115000001,12115000001,12115000001,12115000001,29054606,351996551719
43094,12115000001,12115000001,12115000001,12115000001,3241185,39266956278
43094,12115000001,12115000001,12115000001,12115000001,2646491,32062238468
43094,121150,121150,121150,121150,789409,9563690035
43094,12115000001,12115000001,12115000001,12115000001,3240417,39257651958
43094,12317999987,12317999987,12317999987,12317999987,2448535,30161054098
43094,12317999987,12317999987,12317999987,12317999987,37083,456788394
43094,123180,123180,123180,123180,846454,10426620372
43094,121010,121010,121010,121010,117,1415817
43094,12317999994,123180,123180,12317999994,13708521,168861561657
43094,12317999999,12317999999,12317999999,12317999999,3538577,43588191482
43094,123180,123180,123180,123180,19849418,244505130924
43094,12700000002,12700000002,12700000002,12700000002,1083391,13759065702
43094,129000,129000,129000,129000,158162,20402898
43094,129000,129000,129000,129000,25677,3312333
43094,129000,129000,129000,129000,45464,5864856
43094,125500,125500,125500,125500,2804516,351966758
43094,13787999998,13787999998,13787999998,13787999998,1529234,21085078389
43094,12101000005,12101000005,12101000005,12101000005,474231,5738669333
43094,12401000003,12401000003,12401000003,12401000003,1,12401000003
43094,12401000003,12401000003,12401000003,12401000003,46903983,581656293324
43094,13787999998,13787999998,13787999998,13787999998,812991,112095199064
43094,13787998894,13787998894,13787998894,13787998894,2448958,33766230195
43094,125000,125000,125000,125000,15,1875
43094,130000,130000,130000,130000,65,845
43094,130000,130000,130000,130000,76923,999999
43094,130000,130000,130000,130000,110173,1432249
43094,130000,130000,130000,130000,3338697,43403061
43094,13787998899,13787998899,13787998899,13787998899,179537,24754559583
43094,137000,137000,137000,137000,41203169,5644834153
43094,136750,136750,136750,136750,177008,24205844
43094,12000000085,12000000085,12000000085,12000000085,2014639,24175668171
43094,12001000003,12001000003,12001000003,12001000003,22877,274546877
43094,123000,123000,123000,123000,1,1230
43094,12010000006,12010000006,12010000006,12010000006,10217813,122715934191
43094,12010000006,12010000006,12010000006,12010000006,283927,3409963272
43094,134860,134860,134860,134860,6145555,8287895473
43094,134860,134860,134860,134860,747,10074042
43094,13483000009,13483000009,13483000009,13483000009,10183528,137304508116
43094,13482000005,13482000005,13482000005,13482000005,1473385,198641765773
43094,13200000001,13200000001,13200000001,13200000001,288,38016000003
43094,13200000001,13200000001,13200000001,13200000001,2348037,30994088402
43094,13200000004,137000,137000,13200000004,3658433,497257156032
43094,137000,137880,137880,137000,40075265,550905882924
43094,137880,137880,137880,137880,32926546,453991216248
43094,137880,137880,137880,137880,27357577,377206271676
43094,137880,137880,137880,137880,21453588,295802071344
43094,137880,137880,137880,137880,12171013,167813927244
43094,137880,137880,137880,137880,15940399,219786221412
43094,137880,137880,137880,137880,3330203,45916838964
43094,146880,146880,146880,146880,173128,2542904064
43094,145000,145010,145010,145000,37824977,548468688557
43094,13000000001,13000000001,130010,13000000001,51306,667022388
43094,13999999999,140000,140000,13999999999,1597397,22363557999
43094,1449899999,1449899999,1449899999,1449899999,1103528,16000052461
43094,13166992387,140000,140000,13166992387,1567169,2067636358
43094,13166992387,13166992387,13166992387,13166992387,6079,8004214672
43094,13166992387,13166992387,13166992387,13166992387,26657,350992516
43094,13166992387,13166992387,13166992387,13166992387,18465,243128514
43094,13166992387,13166992387,13166992387,13166992387,11645814,153340344278
43094,13166992387,13166992387,13166992387,13166992387,4324019,56934325255
43094,13166992387,13166992387,13166992387,13166992387,60167,792218431
43094,13900000001,139000,13900000001,139000,576,80064000003
43094,139000,13900000001,13900000001,139000,22054579,30655864811
43094,13900000002,139000,13900000002,139000,3327001,46245313905
43094,13166992388,13166992388,13166992388,13166992388,36306,478040826
43094,13250000003,13250000003,13250000003,13250000003,3590359,47572256761
43094,13251000007,134190,134190,13251000007,1,13302042101
43094,13251000007,13251000007,13251000007,13251000007,1,13251000007
43094,13251000007,13251000007,13251000007,13251000007,77185,10227784355
43094,13251000008,13251000008,13251000008,13251000008,232168,30764581698
43094,13251000008,13251000008,13251000008,13251000008,1,13251000008
43094,13251000008,13251000008,13251000008,13251000008,515983,6837290737
43094,13251000008,13251000008,13251000008,13251000008,24850337,329291815787
43094,13250000001,13250000001,13250000001,13250000001,1315592,17431594001
43094,13250000001,13250000001,13250000001,13250000001,16519,21887675
43094,13250000001,13250000001,13250000001,13250000001,1102969,1461433925
43094,13250000001,13250000001,13250000001,13250000001,169942,22517315
43094,13260000005,13260000005,13260000005,13260000005,201002,2665286521
43094,13260000005,13260000005,13260000005,13260000005,1182029,15673704546
43094,144980,144980,144980,144980,2237063,32432939374
43094,13260000005,13260000005,13260000005,13260000005,38366,50873316
43094,13260000005,13260000005,13260000005,13260000005,5,6630000002
43094,13260000005,13260000005,13260000005,13260000005,282,3739320001
43094,13260000005,13260000005,13260000005,13260000005,140826,186735276
43094,13260000005,13260000005,13260000005,13260000005,268246,3556941961
43094,13260000005,13260000005,13260000005,13260000005,512487,6795577623
43094,13260000007,13260000007,13260000007,13260000007,1,13260000007
43094,13260000007,13260000007,13260000007,13260000007,1,13260000007
43094,13260000007,13260000007,13260000007,13260000007,52005,68958630034
43094,13260000007,13260000007,13260000007,13260000007,7699,10208874005
43094,144835,144835,144835,144835,3270677,47370850329
43094,13260415554,13260415554,13260415554,13260415554,1178382,15625835001
43094,13260415554,13260415554,13260415554,13260415554,30772,40804950744
43094,13260415554,13260415554,13260415554,13260415554,34583,45858495111
43094,14483499999,146880,146880,14483499999,6,8806373698
43094,13260000006,13260000006,13260000006,13260000006,77077,102204102
43094,13260000006,13260000006,13260000006,13260000006,264125,3502297502
43094,13500000001,13500000001,13500000001,13500000001,597842,8070867001
43094,13500000001,13500000001,13500000001,13500000001,2289184,30903984002
43094,13500000001,13500000001,13500000001,13500000001,1017612,13737762001
43094,13500000001,13500000002,13500000002,13500000001,1243494,16787169002
43094,13500000002,13500000003,13500000003,13500000002,1094025,14769337503
43094,13500000001,13500000001,13500000001,13500000001,261804,3534354
43094,13500000001,13500000001,13500000001,13500000001,1,13500000001
43094,13500000001,13500000002,13500000002,13500000001,23440272,316443672024
43094,13260000001,13260000001,13260000001,13260000001,1537175,20382940502
43094,14687999999,14687999999,14687999999,14687999999,45893,674076384
43094,14687999999,14687999999,14687999999,14687999999,34442,505884096
43094,14687999998,14687999998,14687999998,14687999998,330959,4861125791
43094,14687999998,14687999998,14687999998,14687999998,105538,15501421438
43094,14514999999,146580,146580,14514999999,2180773,31725150397
43094,13260000003,13260000003,13260000003,13260000003,4349363,57672553393
43094,13260000003,13260000003,13260000003,13260000003,144978,192240828
43094,133000,133000,133000,133000,2451346,326029018
43094,134000,134000,134000,134000,585651,78477234
43094,1389999999,1389999999,1389999999,1389999999,556927,7741285294
43095,13350000003,133550,133550,13350000003,1658144,22138722404
43095,13350000003,13350000003,13350000003,13350000003,626219,8360023652
43095,13350000005,13350000005,13350000005,13350000005,7681,10254135
43095,13350000006,13350000006,13350000006,13350000006,21746,29030910013
43095,13350000006,13350000006,13350000006,13350000006,54366,7257861004
43095,13350000006,13350000006,13350000006,13350000006,2197936,29342445613
43095,13350000006,13350000006,13350000006,13350000006,206941,2762662351
43095,13351000006,13351000006,13351000006,13351000006,42193,563318743
43095,13350000006,13350000006,13350000006,13350000006,1346042,17969660708
43095,13899999989,13899999989,13899999989,13899999989,119957,1667402299
43095,13799999988,13799999989,13799999989,13799999988,60151624,830092410509
43095,1389999999,1423626707,14236267071,1389999999,20963346,298312710785
43095,13999999999,13999999999,13999999999,13999999999,1096921,15356893999
43095,13260000003,13260000003,13260000003,13260000003,06129,8127054
43095,135990,140000,140000,135990,118079,1649096
43095,144990,14657999999,14657999999,144990,2997152,43922714013
43095,13599000002,14657999999,14657999999,13599000002,35105,507553215
43095,146580,14685999999,14685999999,146580,187,274623966045
43095,146860,14340305243,149940,14340305242,72240015,1073578900889
43095,14340305243,14340305243,14340305243,14340305243,11534029,165401496542
43095,14340305243,14340305243,14340305243,14340305243,1177498,16885680743
43095,14340305243,14340305243,14340305243,14340305243,3122053,44771193006
43095,14340305243,14340305243,14340305243,14340305243,5664626,81232465928
43095,14340305243,14050391211,14340305243,14050391211,1495295,21250635146
43095,14050391211,14340305243,14340305243,14050391211,12311566,173016999396
43095,14340305243,14340305243,14340305243,14340305243,740359,10616974049
43095,14340305243,14340305243,14340305243,14340305243,11259791,161468839912
43095,14340305243,14340305243,14340305243,14340305243,3979711,57070270519
43095,14340305243,14340305243,14340305243,14340305243,1874885,26886423195
43095,14340305243,14340305243,14340305243,14340305243,4450097,6381574934
43095,14340305243,14050391211,14340305243,14050391211,5034101,72118643674
43095,136000,136000,136000,136000,407404,55406944
43095,141000,141000,141000,141000,1040389,146694849
43095,13600000009,13599000001,13600000009,13599000001,9075528,123419513769
43095,13599000001,13599000001,13599000001,13599000001,2168334,29487174068
43095,13599000001,13599000001,13599000001,13599000001,3324383,4520828442
43095,13261000001,13261000001,13261000001,13261000001,560946,7438704907
43095,13260000001,132500,13261000001,132500,3522691,46697205932
43095,132500,132500,132500,132500,46477,61582025
43095,132500,132500,132500,132500,1322517,1752335025
43095,132500,132500,132500,132500,765092,10137469
43095,132500,132500,132500,132500,02509,3324425
43095,132500,132500,132500,132500,1846352,24464164
43095,132500,132500,132500,132500,1152,15264
43095,132500,13249999999,132500,13249999999,6641686,88002339497
43095,132500,132500,132500,132500,11628037,15407149025
43095,132500,132500,132500,132500,3506826,464654445
43095,132500,132500,132500,132500,80396,1065247
43095,14199999998,14199999998,14199999998,14199999998,239898,34065516
43095,13251000001,13251000001,13251000001,13251000001,387093,5129369343
43095,13251000003,13251000005,13251000005,13251000003,387146,5130071647
43095,13999999999,13999999999,13999999999,13999999999,35,490
43095,132500,132500,132500,132500,10800044,143100583
43095,132500,132500,132500,132500,2743401,3635006325
43095,13249999997,13249999998,13249999998,13249999997,49035249,649717049123
43095,132500,132500,132500,132500,317926,42125195
43095,132500,132500,132500,132500,10934315,14487967375
43095,132500,132500,132500,132500,242689,321562925
43095,132500,132500,132500,132500,1825145,2418317125
43095,138000,138000,138000,138000,27389386,3779735268
43095,138000,138000,138000,138000,1298614,179208732
43095,137000,137000,137000,137000,28688,3930256
43095,13249999999,13249999999,13249999999,13249999999,477522,63271665
43095,132500,132500,132500,132500,122088,1617666
43095,137000,137000,137000,137000,14344,1965128
43095,135000,135000,135000,135000,889947,120142845
43095,135000,135000,135000,135000,288,3888
43095,135000,135000,135000,135000,288,3888
43095,135000,137000,137000,135000,1948482,263280988
43095,135000,135000,135000,135000,45373525,6125425875
43095,13699999999,13699999999,13699999999,13699999999,16797977,230132284883
43095,13699999999,13699999999,13699999999,13699999999,131419,18004402999
43095,13699999998,13400000001,13699999998,13400000001,5454102,73768097398
43095,13400000002,13400000002,13400000002,13400000002,78298,10491932
43095,13400000002,13400000002,13400000002,13400000002,505105,6768407001
43095,137000,137000,137000,137000,2061,282357
43095,13699999999,13699999999,13699999999,13699999999,3649635,49999999496
43095,13699999997,13699999997,13699999997,13699999997,3697792,50659750389
43095,13699999997,13699999997,13699999997,13699999997,54509,7467733
43095,13699999996,13699999996,13699999996,13699999996,1910794,26177877792
43095,133780,13377999997,133780,13377999997,6094606,81533639065
43095,13377999997,13377999997,13377999997,13377999997,4157322,55616653704
43095,13377999997,13377999997,13377999997,13377999997,57999,775910622
43095,13641713016,13641713016,13641713016,13641713016,130349,17781836499
43095,13641713016,13641713016,13641713016,13641713016,1391734,18985635823
43095,13641713016,13641713016,13641713016,13641713016,7063352,96356220917
43095,137000,137000,137000,137000,5604668,767839516
43095,137000,13699999999,137000,13699999999,1173163,160723331
43095,137000,137000,137000,137000,28688,3930256
43095,13699999999,13699999999,13699999999,13699999999,104715,14345955
43095,137000,137000,137000,137000,28814435,3947577595
43095,137000,137000,137000,137000,1328844,182051628
43095,137000,137000,137000,137000,36386861,4984999957
43095,137000,137000,137000,137000,8886,1217382
43095,137000,137000,137000,137000,1012,138644
43095,13699999998,13699999998,13699999998,13699999998,7189781,98499999686
43095,13250000001,13249999997,13250000001,13249999997,17312886,229395739461
43095,13300000001,13300000001,13300000001,13300000001,1,13300000001
43095,133000,133000,133000,133000,228088,30335704
43095,131000,131000,133000,131000,30269912,396810229629
43095,130010,130010,130010,130010,7227027,93958578027
43095,130000,130000,130000,130000,1,1300
43095,130000,130000,130000,130000,704,9152
43095,13299999993,13299999993,13299999993,13299999993,315789,4199993698
43095,130000,130000,130000,130000,423498,5505474
43095,130500,130500,130500,130500,2,26100
43095,13060999981,13060999981,13060999981,13060999981,28688,374693967455
43095,131000,131000,131000,131000,6,7860
43095,131000,131000,131000,131000,5206106,681999886
43095,131000,131000,131000,131000,576838,75565778
43095,13299999998,13299999998,13299999998,13299999998,8E-05,1064
43095,13299999998,13299999998,13299999998,13299999998,15,19949999997
43095,13299999997,13299999997,13299999997,13299999997,15,199499999955
43095,133000,133000,133000,133000,8E-05,1064
43095,130110,130110,130110,130110,594619,7736587809
43095,130110,130110,130110,130110,595152,7743522672
43095,13299999998,13299999998,13299999998,13298999995,904206,1202532493977
43095,13299999998,13299999998,13299999998,13299999998,230924,30712891995
43095,1329999999,1329999999,1329999999,1329999999,49996,6649468
43095,1329999999,1329999999,1329999999,1329999999,363414,48334061964
43095,131500,131510,131510,131500,28688,3772522
43095,131750,131750,131750,131750,12,15810
43095,131750,131750,131750,131750,16688,2198644
43095,131750,131750,131750,131750,5955568,784646084
43095,131000,131500,131500,131000,1301502,170562362
43095,131990,131990,131990,131990,2564551,33849508649
43095,13198999998,13198999998,13198999998,13198999998,28688,378652911943
43095,13299999996,13299999996,13299999996,13299999996,1661178,22093667393
43095,13657294102,13657294102,13657294102,13657294102,4837752,66070601857
43095,136572941,13657294109,13657294109,136572941,55221557,754177044833
43095,138000,138000,138000,138000,1691882,233479716
43095,138000,138000,138000,138000,1588038,219149244
43095,138000,138000,138000,138000,53399,7369062
43095,138000,138000,138000,138000,494285,6821133
43095,138000,138000,138000,138000,2038003,281244414
43095,138000,138000,138000,138000,1501623,207223974
43095,138000,138000,138000,138000,1480441,204300858
43095,13199000006,13199000006,13199000006,13199000006,06032,79616368
43095,13200000002,13200000002,13200000002,13200000002,11239,1483548
43095,13999999997,13999999997,13999999997,13999999997,05681,79534
43095,13201000002,13201000002,13201000002,13201000002,24285,320586285
43095,13999999994,13999999994,13999999994,13999999994,2887841,40429773984
43095,13999999994,13999999994,13999999994,13999999994,5463172,76484407969
43095,13999999994,140000,140000,13999999994,4479503,62713041988
43095,140000,140000,140000,140000,28480216,398723024
43095,13700000001,13700000001,13700000001,13700000001,5566284,76258090805
43095,145000,145000,145000,145000,68965,9999925
43095,144990,144990,144990,144990,16705,242205795
43095,144990,144990,144990,144990,683295,9907094205
43095,145000,145000,145000,145000,531035,77000075
43095,145000,145000,145000,145000,2227905,323046225
43095,145000,145000,145000,145000,141194,2047313
43095,145000,145400,145400,145000,3755198,5459775504
43095,145500,145500,145500,145500,911088,132563304
43095,145500,145500,145500,145500,4047694,588939477
43095,145500,145500,145500,145500,1600471,2328685305
43095,145500,145500,145500,145500,1728639,2515169745
43095,145500,145500,145500,145500,1344497,1956243135
43095,145500,145500,145500,145500,12991488,1890261504
43095,145000,145500,145500,145000,85347,1240427
43095,145500,145500,145500,145500,14477,21064035
43095,148570,148570,148570,148570,178323,2649344811
43095,148580,148580,148580,148580,28688,426246304
43095,149340,149340,149340,149340,388549,5802590766
43095,149340,149340,149340,149340,2813329,42014255286
43095,149300,149340,149340,149300,1191976,17800911732
43095,149340,153780,153780,149340,215563,32289532796
43095,153780,153780,153780,153780,6754337,103868194386
43095,153780,153780,153780,153780,75148,1155625944
43095,14600000007,14600000007,14600000007,14600000007,870414,127080444061
43095,14600000015,14600000015,14600000015,14600000015,6195046,90447671693
43095,14650000028,14650000028,14650000028,14650000028,61089,894953852
43095,14650000031,1465000003,14650000031,1465000003,1304254,1910732114
43095,14650000029,14650000031,14650000031,14650000029,2584086,37856859977
43095,14651000032,14651000032,14651000032,14651000032,114557,16783746107
43095,14651000041,1465100004,14651000041,1465100004,897386,13147602322
43095,14651000038,14651000038,14651000038,14651000038,1495798,21914936555
43095,1465100004,1465100004,1465100004,1465100004,41125,6025223766
43095,1465100004,1465100004,1465100004,1465100004,34634,507422735
43095,15496999999,15496999999,15496999999,15496999999,1002274,15532240177
43095,14651000041,14651000031,14651000041,14651000031,13863462,203113582262
43095,14651000031,14651000031,14651000031,14651000031,11291183,165427122483
43095,145000,145000,145000,145000,59,8555
43095,15449998996,15449998996,15449998996,15449998996,16554659,255769464929
43095,145000,145000,145000,145000,1470398,21320771
43095,145000,145000,145000,145000,184708,2678266
43095,15434548996,15434548996,15434548996,15434548996,1553335,23975025165
43095,145000,145000,145000,145000,339524,4923098
43095,15434548995,15434548995,15434548995,15434548995,4161436,64229887832
43095,15434548995,15434548995,15434548995,15434548995,318647,4918172734
43095,15434548995,15434548995,15434548995,15434548995,5889968,90908999675
43095,14000198398,14000198398,14000198398,14000198398,309,43260613
43095,14000198398,14000198398,14000198398,14000198398,1,140001984
43095,145000,145000,145000,145000,6188806,89737687
43095,145000,145000,145000,145000,6209673,900402585
43095,145000,145000,145000,145000,5443428,78929706
43095,145000,145000,145000,145000,3628956,52619862
43095,145000,145000,145000,145000,5141003,745445435
43095,145000,145000,145000,145000,1814472,26309844
43095,15100548987,15100548987,15100548987,15100548987,6903,1042390897
43095,140001985,140001985,140001985,140001985,5884078,82378259993
43095,140010,140010,140010,140010,57,798057
43095,140010,140010,140010,140010,1850241,25905224241
43095,15434548858,15434548858,15434548858,15434548858,15,23151823287
43095,15434548858,15434548858,15434548858,15434548858,2517469,38855998279
43095,15434548858,15434548858,15434548858,15434548858,534303,8246725758
43095,140010,14000198398,14001000001,14000198398,7765167,108715663634
43095,14000198398,14000198398,14000198398,14000198398,4997837,69970709562
43095,14000198398,14000198398,14000198398,14000198398,1445189,20232932722
43095,14000198398,14000198398,14000198398,14000198398,3052808,4273991767
43095,15434548859,15434548859,15434548859,15434548859,65401,100943493
43096,154000,15434548848,15434548848,154000,5050956,77954530161
43096,15434548848,15434548848,15434548848,15434548848,13522873,208719443883
43096,15434548848,15434548848,15434548848,15434548848,541751,83616822728
43096,1543454885,1543454885,1543454885,1543454885,6336579,97802238117
43096,1543454886,1543454886,1543454886,1543454886,288154,4447526992
43096,153500,153500,153500,153500,3616081,5550684335
43096,153500,153500,153500,153500,224652,34484082
43096,1464449375,153500,153500,1464449375,34024,515111745
43096,147510,147510,147510,147510,6,88506
43096,14750000002,14750000002,14750000002,14750000002,13887952,204847292027
43096,14750000002,14750000002,14750000002,14750000002,232268,3425953
43096,148000,14755000002,148000,14755000001,2061795,30451008002
43096,14755000003,14755000003,14755000003,14755000003,56496,83359848016
43096,14755000003,14755000003,14755000003,14755000003,7062,10419981002
43096,14755000003,14755000003,14755000003,14755000003,64567,9526860852
43096,14755000003,14755000003,14755000003,14755000003,10859,16022454503
43096,148000,148000,148000,148000,56805,840714
43096,15399999994,15399999994,15399999994,15399999994,28688,441795199828
43096,15399999994,15399999994,15399999994,15399999994,104563,1610270199
43096,15399999995,15399999995,15399999995,15399999995,2394714,36878595588
43096,15399999994,15399999994,15399999994,15399999994,832445,12819652995
43096,15399999994,15399999994,15399999994,15399999994,19561,3012394
43096,15399999994,15399999995,15399999995,15399999994,11965265,184265080938
43096,153999995,154970,154970,153999995,35291771,546830209919
43096,154970,154970,154970,154970,20544,318370368
43096,154970,14800100008,154970,14800100008,3623137,5411282005
43096,14800100009,14800100008,14800100009,14800100008,1353388,2003027775
43096,15496999999,15496999999,15496999999,15496999999,597194,9254715417
43096,15496999999,16200000031,16200000031,15496999999,100617,1561118017
43096,16200000031,16200000031,16200000031,16200000031,147879,23956398046
43096,15000000011,16200000031,16200000031,15000000011,5,7642446008
43096,1643454886,1643454886,1643454886,1643454886,5007492,8229587194
43096,15000000013,15000000013,15000000013,15000000013,19826539,297398085258
43096,164000,164000,164000,164000,5,820
43096,164000,164000,164000,164000,45816955,751398062
43096,164000,164000,164000,164000,3563589,584428596
43096,15000000011,15000000011,150010,15000000011,501104,75166146049
43096,15000000011,15000000011,15000000011,15000000011,2975981,44639715033
43096,15000000011,15000000011,15000000011,15000000011,18146,2721900002
43096,15000000011,15000000011,15000000011,15000000011,36292,5443800004
43096,150010,150010,150010,150010,4,60004
43096,15000000011,1500000001,158000,1500000001,29461473,464872495009
43096,1500000001,15001000001,15001000001,15000000001,7074068,106113032012
43096,15001000001,15001000001,15001000001,15001000001,606,9090606001
43096,15001000003,14819246463,15001000003,14819246463,8968019,132925612481
43096,15001000003,15001000004,15001000004,15001000003,85887,12883908875
43096,15001000004,15001000004,15001000004,15001000004,3126089,46894461108
43096,15001000004,15001000004,15001000004,15001000004,1287802,19318317809
43096,15001000004,15001000004,15001000004,15001000004,3004,4506300401
43096,14800100018,14800100018,14800100018,14800100018,221296,3275202934
43096,14800100018,14800100018,14800100018,14800100018,1933961,28622816231
43096,14755000003,14755000003,14755000003,14755000003,40627,5994513851
43096,14800100018,14800100018,14800100018,14800100018,49637,734632565
43096,16399999999,16399999999,16399999999,16399999999,1,164
43096,148990,148990,148990,148990,1517601,22610737299
43096,148990,148990,148990,148990,6,89394
43096,148990,148990,148990,148990,82399,1227662701
43096,148990,148990,148990,148990,1930662,28764933138
43096,158990,158990,158990,158990,657211,10448997689
43096,158990,158990,158990,158990,284998,4531183202
43096,157000,157000,157000,157000,537939,84456423
43096,157000,157000,157000,157000,602505,94593285
43096,14755000004,14755000004,14755000004,14755000004,377767,5573952086
43096,14755000004,14755000004,14755000004,14755000004,15742,23227321
43096,14755000004,14755000004,14755000004,14755000004,1416085,20894334181
43096,14755000004,14755000004,14755000004,14755000004,1128096,16645056485
43096,14755000004,14755000004,14755000004,14755000004,2762954,40767386282
43096,14755000004,14755000004,14755000004,14755000004,10387459,153266957586
43096,14755000005,14755000005,14755000005,14755000005,2197215,32419907335
43096,14755000005,14755000005,14755000005,14755000005,329315,4859042826
43096,14755000005,14755000005,14755000005,14755000005,504521,7444207357
43096,14755000005,14755000005,14755000005,14755000005,175055,25829365259
43096,14755000005,14755000005,14755000005,14755000005,103814,1531775571
43096,14755000005,14755000005,14755000005,14755000005,51449,759129995
43096,14755000003,14755000003,14755000003,14755000003,19,28034500006
43096,15699999999,15699999999,15699999999,15699999999,1178344,18500000799
43096,15699999999,15699999999,15699999999,15699999999,85138,13366666
43096,14464363296,14755000003,14755000003,14464363296,7257308,104973423538
43096,14399999999,14399999999,14399999999,14399999999,103189,14859216
43096,144000,144000,144000,144000,401275,577836
43096,144000,144000,144000,144000,11591988,1669246272
43096,144000,144000,144000,144000,3322846,478489824
43096,144000,145000,145000,144000,10390473,1498825731
43096,14500000001,145000,14500000001,145000,13816013,20033218851
43096,145000,145000,145000,144000,11365457,1639933627
43096,144000,144000,144000,144000,1095221,157711824
43096,144000,144000,144000,144000,4145523,596955312
43096,144000,144000,144000,144000,46278,6664032
43096,144000,144000,144000,144000,288508,41545152
43096,144000,144000,15449994993,144000,19559787,292432729585
43096,144000,144000,144000,144000,72127,10386288
43096,144000,144000,144000,144000,6032506,868680864
43096,144000,144000,144000,144000,18098688,2606211072
43096,144000,144000,144000,144000,12786872,1841309568
43096,144000,144000,144000,144000,2387934,343862496
43096,14405000001,14405000001,14405000001,14405000001,21261,306264705
43096,15449994985,15449994985,15449994985,15449994985,481236,7435093787
43096,15449994983,15449994983,15449994983,15449994983,1002551,1548940792
43096,15404999998,15404999998,15404999998,15404999998,226971,3496488255
43096,15404999978,15404999978,15404999978,15404999978,11589266,178532642475
43096,154040,154040,154040,154040,16482309,253893487836
43096,15403999995,15403999995,15403999995,15403999995,2169276,33415527493
43096,15403999984,15403999984,15403999984,15403999984,9712528,149611781157
43096,15403999991,15403999993,15403999993,15403999991,4003028,61662643277
43096,15449994993,15699999998,15699999998,15449994993,29442049,462051653217
43096,157000,157000,157000,157000,2812433,441551981
43096,15835027345,15835027345,15835027345,15835027345,31543,499484268
43096,15835027343,15835027343,15835027343,15835027343,2386,3778237524
43096,15835027343,15835027343,15835027343,15835027343,472686,7484995735
43096,15835027343,15835027343,15835027343,15835027343,579297,9173183835
43096,15835027343,15835027343,15835027343,15835027343,579297,9173183835
43096,15835027343,15835027343,15835027343,15835027343,100799,15961549211
43096,15835027343,15835027343,15835027343,15835027343,472686,7484995735
43096,15835027342,15835027342,15835027342,15835027342,100799,1596154921
43096,15835027342,15835027342,15835027342,15835027342,101421,16060043081
43096,15835027342,15835027342,15835027342,15835027342,897552,14212760461
43096,15835027342,15835027342,15835027342,15835027342,999448,15826286407
43096,15835027342,15835027342,15835027342,15835027342,2529382,40052833129
43096,15835027341,15835027341,15835027341,15835027341,10473546,165848887263
43096,15835027341,15835027341,15835027341,15835027341,596313,9442632659
43096,15835027341,15835027341,15835027341,15835027341,6496222,102867852985
43096,15835027341,15835027341,15835027341,15835027341,3647287,57754889366
43096,15897999998,15897999998,15897999998,15897999998,12265693,194999987289
43096,15897999998,15897999998,15897999998,15897999998,138187,2196896926
43096,15897999998,158990,158990,15897999998,17349279,275819402667
43096,15897999998,15897999998,15897999998,15897999998,78876,125397064784
43096,15897999999,15897999999,15897999999,15897999998,4237386,67365962624
43096,15897999999,15897999999,15897999999,15897999999,1125578,17894439043
43096,158990,15897999998,159990,15897999998,5641012,899837216211
43096,160000,160000,160000,160000,967,15472
43096,16299999999,163000,163000,16299999999,3,488999999971
43096,15898000001,15898000001,15898000001,15898000001,3401576,54078255251
43096,163000,163000,163000,163000,2471212,402807556
43096,160990,160990,160990,160990,486356,7829845244
43096,160990,160990,160990,160990,486356,7829845244
43096,16099000001,16099000001,16099000001,16099000001,199784,3216322616
43096,16299999999,16299999999,16299999999,16299999999,25019071,407810857275
43096,163000,163000,163000,163000,6244657,1017879091
43096,163000,163000,163000,163000,1045,170335
43096,160990,160990,160990,160990,6239444,100448808956
43096,160990,160990,160990,160990,488833,7869722467
43096,160990,160990,160990,160990,2815908,45333302892
43096,160990,160990,160990,160990,2530945,40745683555
43096,160990,160990,160990,160990,12329958,198499993842
43096,16299999999,16299999999,16299999999,16299999999,184228,30029163998
43096,160000,160000,160000,160000,4687,74992
43096,15100000031,15100000031,15100000031,15100000031,45948,6938148014
43096,16299999999,16299999999,16299999999,16299999999,51879,8456277
43096,15100000046,15100000046,15100000046,15100000046,8309519,125473737282
43096,15100000053,157000,157000,15100000053,14428961,226127203736
43096,157000,157000,157000,157000,6635308,1041743356
43096,16299999998,16299999998,16299999998,16299999998,1,16299999998
43096,16299999998,16299999998,16299999998,16299999998,6042945,98500003488
43096,15100000061,15100000061,15100000061,15100000061,39239956,592523337994
43096,15200000066,15200000066,15200000066,15200000066,9092691,1382089038
43096,15201000071,15200000066,15201000071,15200000066,27112089,412107235046
43096,15200000066,15500421866,15500421866,15200000066,6793981,103869355248
43096,15500421863,15500421863,15500421863,15500421863,14585524,226081775093
43096,15500421856,15500421856,15500421856,15500421856,15,23250632784
43096,15500421856,15500421856,15500421856,15500421856,01399,2168509
43096,15500421855,15500421855,15500421855,15500421855,967874,15002455302
43096,15500421855,15500421855,15500421855,15500421855,2032819,31509552055
43096,15500421854,15500421855,15500421855,15500421854,402524,62392918064
43096,15500421865,15500421865,15500421865,15500421865,183,28365772
43096,1510000001,1510000001,1510000001,1510000001,2676845,40420359527
43096,15399999998,15399999998,15399999998,15399999998,243817,37547818
43096,154000,154000,154000,154000,2443223,376256342
43096,15399999998,15399999998,15399999998,15399999998,32173,4954642
43096,15399999998,15399999998,15399999998,15399999998,9037218,139173157183
43096,15399999998,154000,154000,15399999998,11930707,183732887798
43096,154000,154000,154000,154000,3E-05,462
43096,154000,154000,154000,154000,860611,132534094
43096,15399999998,15399999998,154000,15399999998,1492549,22985254597
43097,15399999998,15101000031,15399999998,15101000031,11196498,172262425302
43097,15399999998,15399999998,15399999998,15399999998,12037699,185380564577
43097,15399999998,15399999998,15399999998,15399999998,64934,9999835999
43097,15990000007,15990000007,15990000007,15990000007,48058,76844742
43097,15990000007,15990000007,15990000007,15990000007,10026,1603157401
43097,15990000007,15990000007,15990000007,15990000007,27343,43721457
43097,159300,159300,159300,159300,1,1593
43097,159300,159300,159300,159300,145974,232536582
43097,15929999999,15929999999,15929999999,15929999999,706447,11253700709
43097,156000,156000,156000,156000,11483773,1791468588
43097,156000,156000,156000,156000,872957,136181292
43097,156000,156000,156000,156000,34570513,5393000028
43097,152992,152992,152992,152992,26777403,409672843978
43097,15929999999,15929999999,15929999999,15929999999,1777724,28319143318
43097,15929999999,15929999999,15929999999,15929999999,09054,14423022
43097,159220,159220,159220,159220,1,15922
43097,15990000008,15990000008,15990000008,15990000008,843757,13491674437
43097,15880000004,15880000004,15880000004,15880000004,3340987,53054873573
43097,15864120004,15864120004,15864120004,15864120004,1728,274131993672
43097,15864120004,157000,15864120004,157000,18777608,295753776824
43097,15960000004,15960000004,15960000004,15960000004,4776357,76230657739
43097,15960000004,15960000004,15960000004,15960000004,269634,43033586411
43097,15960000004,15960000004,15960000004,15960000004,1778697,28388004127
43097,159800,159800,159800,159800,2975658,4755101484
43097,15990000008,15990000008,15990000008,15990000008,4356243,69656325605
43097,158000,158000,158000,158000,1588304,250952032
43097,15800000002,15800000002,15800000002,15800000002,510707,8069170601
43097,162000,162000,162000,162000,34528,5593536
43097,162000,162000,162000,162000,1,1620
43097,162000,162000,162000,162000,1878863,304375806
43097,162000,162000,162000,162000,849702,137651724
43097,162000,162000,162000,162000,1287,208494
43097,162000,162000,162000,162000,2743066,444376692
43097,161838,161838,161838,161838,2772582,44870912572
43097,15620050012,161838,161838,15620050012,89077,14271526217
43097,15620050014,15620050014,15620050014,15620050014,49788,77769105
43097,15620050014,15620050014,15620050014,15620050014,1287,2010300437
43097,15620050015,15620050015,15620050015,15620050015,2106604,32905259842
43097,15620050017,15620050017,15620050017,15620050017,3979123,62154100284
43097,15620050017,15620050017,15620050017,15620050017,3025805,47263225442
43097,15620050017,15620050017,15620050017,15620050017,2776203,43364429718
43097,15620050019,15620050019,15620050019,15620050019,288,44985744055
43097,15620050021,15620050022,15620050022,15620050021,1325094,20698034562
43097,15620050021,15620050021,15620050021,15620050021,530803,8291169411
43097,15620050023,15620050023,15620050023,15620050023,2821058,44065067078
43097,15620050027,15620050028,15620050028,15620050027,1695049,26476750179
43097,15620050027,15620050027,15620050027,15620050027,9868886,154152493031
43097,15620050027,15620050027,15620050027,15620050027,12627732,197245805567
43097,15620050028,15620050028,15620050028,15620050028,823891,12869218638
43097,15620050028,15620050028,15620050028,15620050028,2371122,37037044262
43097,15620050028,15620050028,15620050028,15620050028,5960648,93105619959
43097,1562005003,1562005003,1562005003,1562005003,4763829,74411247315
43097,15620050032,15620050032,15620050032,15620050032,824951,12885775894
43097,15620050033,15620050033,15620050033,15620050033,7814411,122061490798
43097,15620050031,15620050029,15620050031,15620050029,5579567,87153115686
43097,15620050033,15620050028,15620050033,15620050028,1198792,18725191017
43097,15100000002,15100000002,15100000002,15100000002,1658161,25038231103
43097,15101000001,15101000001,15101000001,15101000001,288,43490880003
43097,15101020001,15101020001,15101020001,15101020001,748413,11301799682
43097,15201020002,15301020003,15301020003,15201020002,6121085,93632033025
43097,15301100001,16090000003,16090000003,15301100001,2142643,33293422308
43097,16090000003,15301100001,16090000003,15301100001,615334,95407574322
43097,15301100001,15301100001,15301100001,15301100001,772571,11821186129
43097,15301100001,15301100001,15301100001,15301100001,4345063,66484243474
43097,15301100001,15301100001,15301100001,15301100001,2022227,30942297552
43097,15301100001,15301100001,15301100001,15301100001,419464,64182606109
43097,15301100001,15301100001,15301100001,15301100001,1283587,19640293047
43097,15302000001,15302000001,15302000001,15302000001,4276244,65435085692
43097,15302000001,15302000001,15302000001,15302000001,1797019,2749798474
43097,15302000001,15302000001,15302000001,15302000001,658752,10080223105
43097,15111012001,15111012001,15111012001,15111012001,355,53644092604
43097,15345285892,15400000001,156500,15345285892,1015369,1559522405
43097,15400000001,15400000001,15400000001,15400000001,2069535,31870839002
43097,15400000001,15400000001,15400000001,15400000001,70792,10901968001
43097,15400000001,15400000001,15400000001,15400000001,387877,59733058